id,xcoord,ycoord,xcoord_scaled,ycoord_scaled
900,282.221143617021,-812.860505319149,477.820,-1376.229
900,282.356229423761,-817.858680168514,478.049,-1384.691
900,282.4913152305,-822.856855017878,478.277,-1393.154
900,282.62640103724,-827.855029867242,478.506,-1401.616
900,282.761486843979,-832.853204716606,478.735,-1410.078
900,282.896572650719,-837.851379565971,478.964,-1418.540
900,283.031658457459,-842.849554415335,479.192,-1427.003
900,284.439978988126,-847.639925189382,481.577,-1435.113
900,285.901071666121,-852.421683044638,484.050,-1443.209
900,287.362164344117,-857.203440899895,486.524,-1451.305
900,288.823257022112,-861.985198755152,488.998,-1459.401
900,290.284349700107,-866.766956610408,491.472,-1467.497
900,291.745442378102,-871.548714465665,493.945,-1475.592
900,293.679648446101,-876.15327030642,497.220,-1483.388
900,295.719348757051,-880.7183138595,500.673,-1491.117
900,297.759049068001,-885.283357412579,504.127,-1498.846
900,299.798749378951,-889.848400965658,507.580,-1506.575
900,301.838449689902,-894.413444518737,511.033,-1514.304
900,303.878150000852,-898.978488071816,514.487,-1522.033
900,305.917850311802,-903.543531624895,517.940,-1529.762
900,307.957550622752,-908.108575177974,521.393,-1537.491
900,310.266444998084,-912.528834161124,525.303,-1544.975
900,312.95082245905,-916.747141599785,529.847,-1552.116
900,315.635199920016,-920.965449038445,534.392,-1559.258
900,318.319577380982,-925.183756477106,538.937,-1566.400
900,321.058772925829,-929.36392468366,543.575,-1573.478
900,324.0807053327,-933.347381038172,548.691,-1580.222
900,327.102637739571,-937.330837392684,553.807,-1586.966
900,330.124570146442,-941.314293747196,558.924,-1593.710
900,333.146502553313,-945.297750101708,564.040,-1600.455
900,336.168434960184,-949.28120645622,569.156,-1607.199
900,339.393698253336,-953.064515220988,574.617,-1613.604
900,343.328977829093,-956.148923537121,581.280,-1618.826
900,347.264257404849,-959.233331853255,587.942,-1624.049
900,351.199536980606,-962.317740169388,594.605,-1629.271
900,355.134816556362,-965.402148485522,601.268,-1634.493
900,359.070096132119,-968.486556801655,607.931,-1639.715
900,363.005375707875,-971.570965117789,614.593,-1644.937
900,366.940655283632,-974.655373433922,621.256,-1650.159
900,371.145795526512,-977.323018082263,628.376,-1654.676
900,375.570386638422,-979.651750246426,635.867,-1658.618
900,379.994977750332,-981.98048241059,643.358,-1662.561
900,384.446162125084,-984.175911035051,650.894,-1666.278
900,389.425628157422,-983.723232304838,659.325,-1665.512
900,394.405094189761,-983.270553574625,667.755,-1664.745
900,399.384560222099,-982.817874844413,676.186,-1663.979
900,403.386336985174,-980.721990532877,682.961,-1660.430
900,406.1598379663,-976.561739061188,687.657,-1653.387
900,408.778334383776,-972.336035287058,692.090,-1646.232
900,409.825979827431,-967.447023216671,693.864,-1637.955
900,410.873625271085,-962.558011146284,695.638,-1629.677
900,411.921270714739,-957.668999075897,697.411,-1621.400
900,412.968916158394,-952.77998700551,699.185,-1613.123
900,413.579587765957,-947.844681772053,700.219,-1604.767
900,413.579587765957,-942.844681772053,700.219,-1596.301
900,413.579587765957,-937.844681772053,700.219,-1587.836
900,413.579587765957,-932.844681772053,700.219,-1579.371
900,413.579587765957,-927.844681772053,700.219,-1570.905
900,413.579587765957,-922.844681772053,700.219,-1562.440
900,412.834151235097,-917.949083844115,698.957,-1554.151
900,411.46054559561,-913.141464105911,696.631,-1546.012
900,410.086939956123,-908.333844367707,694.306,-1537.872
900,408.713334316636,-903.526224629503,691.980,-1529.733
900,407.339728677149,-898.718604891299,689.654,-1521.593
900,405.416148108901,-894.113278499158,686.398,-1513.796
900,403.347133387395,-889.561446111845,682.895,-1506.089
900,401.278118665889,-885.009613724532,679.392,-1498.383
900,399.209103944383,-880.457781337219,675.889,-1490.676
900,397.140089222878,-875.905948949906,672.386,-1482.969
900,395.071074501372,-871.354116562593,668.883,-1475.263
900,393.002059779866,-866.80228417528,665.380,-1467.556
900,390.93304505836,-862.250451787967,661.877,-1459.850
900,388.671845660549,-857.791511937007,658.048,-1452.300
900,386.390262422568,-853.342424622944,654.185,-1444.768
900,384.108679184586,-848.89333730888,650.323,-1437.235
900,381.827095946605,-844.444249994816,646.460,-1429.703
900,379.545512708624,-839.995162680753,642.597,-1422.170
900,377.263929470642,-835.546075366689,638.734,-1414.637
900,374.982346232661,-831.096988052625,634.871,-1407.105
900,371.522011944772,-827.593641392188,629.013,-1401.173
900,367.673222142805,-824.401962044215,622.496,-1395.770
900,363.824432340838,-821.210282696243,615.980,-1390.366
900,359.975642538871,-818.01860334827,609.464,-1384.962
900,356.126852736904,-814.826924000298,602.947,-1379.558
900,352.278062934937,-811.635244652325,596.431,-1374.155
900,348.42927313297,-808.443565304352,589.915,-1368.751
900,344.580483331003,-805.25188595638,583.399,-1363.347
900,340.695190427348,-802.115577881055,576.821,-1358.037
900,336.244973603055,-799.836198532027,569.286,-1354.178
900,331.794756778762,-797.556819182999,561.752,-1350.319
900,327.344539954468,-795.27743983397,554.217,-1346.460
900,322.894323130175,-792.998060484942,546.682,-1342.601
900,318.444106305882,-790.718681135914,539.148,-1338.742
900,313.993889481588,-788.439301786886,531.613,-1334.882
900,309.543672657295,-786.159922437857,524.079,-1331.023
900,304.851608046337,-785.674828443361,516.135,-1330.202
900,299.956705947649,-786.694599713921,507.847,-1331.928
900,295.061803848961,-787.714370984481,499.560,-1333.655
900,290.166901750273,-788.734142255041,491.273,-1335.382
900,287.240794420414,-791.827693968385,486.319,-1340.619
900,285.968327924016,-796.663066654698,484.164,-1348.806
900,284.695861427617,-801.498439341011,482.010,-1356.992
900,283.521923177155,-806.356607518477,480.022,-1365.218
900,282.541342501465,-811.259510896932,478.362,-1373.519
850,353.239460640419,-740.403204018009,598.059,-1253.554
850,355.497003181387,-744.864538087065,601.881,-1261.107
850,357.754545722355,-749.325872156121,605.703,-1268.661
850,360.012088263323,-753.787206225177,609.525,-1276.214
850,362.269630804291,-758.248540294233,613.348,-1283.767
850,364.550899565188,-762.697658097423,617.210,-1291.300
850,366.804591338235,-767.158547114054,621.026,-1298.853
850,368.796475316143,-771.744656382111,624.398,-1306.617
850,370.78835929405,-776.330765650167,627.770,-1314.382
850,372.780243271958,-780.916874918224,631.143,-1322.146
850,374.772127249866,-785.502984186281,634.515,-1329.911
850,376.764011227773,-790.089093454337,637.888,-1337.676
850,378.755895205681,-794.675202722394,641.260,-1345.440
850,380.747779183588,-799.261311990451,644.632,-1353.205
850,382.739663161496,-803.847421258507,648.005,-1360.969
850,385.409856306691,-808.068786640052,652.526,-1368.116
850,388.137392229571,-812.259317368898,657.144,-1375.211
850,390.864928152451,-816.449848097744,661.761,-1382.306
850,393.59246407533,-820.640378826589,666.379,-1389.401
850,396.31999999821,-824.830909555435,670.997,-1396.496
850,399.04753592109,-829.021440284281,675.615,-1403.591
850,401.77507184397,-833.211971013126,680.233,-1410.686
850,404.50260776685,-837.402501741972,684.851,-1417.780
850,407.23014368973,-841.593032470818,689.469,-1424.875
850,409.95767961261,-845.783563199663,694.087,-1431.970
850,412.685215535489,-849.974093928509,698.705,-1439.065
850,415.412751458369,-854.164624657355,703.323,-1446.160
850,418.140287381249,-858.355155386201,707.940,-1453.255
850,420.867823304129,-862.545686115046,712.558,-1460.350
850,423.260153292525,-866.935861188359,716.609,-1467.782
850,425.645612607046,-871.330128346687,720.648,-1475.222
850,428.031071921567,-875.724395505016,724.686,-1482.662
850,430.416531236089,-880.118662663344,728.725,-1490.102
850,432.80199055061,-884.512929821673,732.764,-1497.542
850,435.187449865131,-888.907196980001,736.803,-1504.981
850,437.572909179652,-893.301464138329,740.841,-1512.421
850,439.958368494173,-897.695731296658,744.880,-1519.861
850,442.343827808694,-902.089998454986,748.919,-1527.301
850,444.729287123216,-906.484265613315,752.958,-1534.741
850,447.114746437737,-910.878532771643,756.996,-1542.180
850,449.500205752258,-915.272799929972,761.035,-1549.620
850,451.885665066779,-919.6670670883,765.074,-1557.060
850,453.24747171849,-924.475836157925,767.379,-1565.202
850,454.59146655756,-929.291817664591,769.655,-1573.355
850,455.93546139663,-934.107799171258,771.930,-1581.509
850,457.2794562357,-938.923780677924,774.206,-1589.663
850,458.623451074769,-943.739762184591,776.481,-1597.817
850,459.967445913839,-948.555743691257,778.757,-1605.971
850,461.311440752909,-953.371725197924,781.032,-1614.124
850,462.595518293332,-958.203855138021,783.206,-1622.306
850,463.853687552157,-963.042967671962,785.336,-1630.498
850,465.111856810981,-967.882080205904,787.467,-1638.691
850,466.370026069806,-972.721192739845,789.597,-1646.884
850,467.628195328631,-977.560305273786,791.727,-1655.077
850,468.886364587456,-982.399417807728,793.857,-1663.270
850,470.14453384628,-987.238530341669,795.987,-1671.463
850,471.402703105105,-992.07764287561,798.117,-1679.656
850,471.933642271907,-996.901818629387,799.016,-1687.824
850,470.477834192994,-1001.68518803153,796.552,-1695.922
850,469.02202611408,-1006.46855743368,794.087,-1704.021
850,467.566218035167,-1011.25192683582,791.622,-1712.120
850,465.577837428018,-1015.76512190449,788.256,-1719.761
850,462.577837428018,-1019.76512190449,783.176,-1726.533
850,459.577837428018,-1023.76512190449,778.097,-1733.305
850,456.509435548513,-1027.70013792943,772.902,-1739.968
850,452.668329150527,-1030.90105992775,766.399,-1745.387
850,448.82722275254,-1034.10198192608,759.896,-1750.806
850,444.986116354553,-1037.3029039244,753.392,-1756.226
850,441.00838618612,-1040.30451653963,746.658,-1761.308
850,436.637599805513,-1042.73273119552,739.258,-1765.419
850,432.266813424905,-1045.16094585141,731.858,-1769.530
850,427.896027044297,-1047.58916050731,724.458,-1773.641
850,423.254389533577,-1046.23887458422,716.599,-1771.355
850,418.581950858932,-1044.45889794626,708.688,-1768.341
850,413.909512184288,-1042.6789213083,700.777,-1765.328
850,409.313558870542,-1040.7371362239,692.996,-1762.040
850,404.972343159919,-1038.25644153211,685.646,-1757.840
850,400.631127449297,-1035.77574684033,678.296,-1753.640
850,396.289911738675,-1033.29505214854,670.946,-1749.440
850,391.948696028052,-1030.81435745676,663.596,-1745.240
850,387.60748031743,-1028.33366276498,656.246,-1741.040
850,383.266264606808,-1025.85296807319,648.896,-1736.840
850,378.925048896186,-1023.37227338141,641.546,-1732.640
850,374.583833185563,-1020.89157868962,634.196,-1728.440
850,370.240745412017,-1018.41430025088,626.843,-1724.246
850,365.813755897828,-1016.09013075593,619.348,-1720.311
850,361.386766383638,-1013.76596126098,611.853,-1716.376
850,356.959776869448,-1011.44179176603,604.358,-1712.441
850,352.532787355258,-1009.11762227109,596.862,-1708.506
850,348.105797841069,-1006.79345277614,589.367,-1704.571
850,343.678808326879,-1004.46928328119,581.872,-1700.636
850,339.251818812689,-1002.14511378624,574.377,-1696.701
850,335.383903977027,-999.054155335026,567.828,-1691.468
850,331.817221819453,-995.550046548638,561.790,-1685.535
850,328.250539661879,-992.04593776225,555.751,-1679.603
850,324.683857504305,-988.541828975861,549.712,-1673.670
850,321.117175346731,-985.037720189473,543.674,-1667.737
850,317.550493189157,-981.533611403084,537.635,-1661.804
850,313.983811031584,-978.029502616696,531.596,-1655.872
850,310.41712887401,-974.525393830308,525.558,-1649.939
850,306.850446716436,-971.021285043919,519.519,-1644.006
850,303.283764558862,-967.517176257531,513.480,-1638.074
850,299.717082401288,-964.013067471143,507.442,-1632.141
850,296.150400243714,-960.508958684754,501.403,-1626.208
850,292.58371808614,-957.004849898366,495.365,-1620.276
850,289.298831052293,-953.247446821815,489.803,-1613.914
850,286.193422862338,-949.328717439252,484.545,-1607.279
850,283.088014672382,-945.40998805669,479.288,-1600.645
850,279.982606482427,-941.491258674127,474.030,-1594.010
850,276.877198292472,-937.572529291565,468.772,-1587.375
850,273.771790102517,-933.653799909002,463.515,-1580.741
850,270.666381912562,-929.73507052644,458.257,-1574.106
850,267.560973722606,-925.816341143877,452.999,-1567.471
850,264.455565532651,-921.897611761315,447.742,-1560.837
850,261.350157342696,-917.978882378752,442.484,-1554.202
850,258.244749152741,-914.060152996189,437.226,-1547.567
850,256.157507994424,-909.623544737374,433.692,-1540.056
850,254.819288675493,-904.805955189224,431.427,-1531.899
850,253.481069356563,-899.988365641074,429.161,-1523.743
850,252.142850037632,-895.170776092924,426.895,-1515.586
850,250.804630718702,-890.353186544775,424.630,-1507.430
850,249.466411399771,-885.535596996625,422.364,-1499.273
850,248.128192080841,-880.718007448475,420.098,-1491.117
850,246.789972761911,-875.900417900326,417.833,-1482.960
850,245.45175344298,-871.082828352176,415.567,-1474.804
850,244.11353412405,-866.265238804026,413.301,-1466.647
850,242.775314805119,-861.447649255877,411.035,-1458.491
850,241.437095486189,-856.630059707727,408.770,-1450.334
850,240.504626720688,-851.745647993656,407.191,-1442.064
850,240.227276622575,-846.753346227628,406.721,-1433.612
850,239.949926524462,-841.761044461601,406.252,-1425.160
850,239.67257642635,-836.768742695574,405.782,-1416.707
850,239.395226328237,-831.776440929547,405.313,-1408.255
850,239.117876230124,-826.78413916352,404.843,-1399.803
850,238.840526132012,-821.791837397493,404.374,-1391.351
850,238.563176033899,-816.799535631466,403.904,-1382.898
850,238.285825935787,-811.807233865439,403.434,-1374.446
850,238.008475837674,-806.814932099412,402.965,-1365.994
850,237.731125739561,-801.822630333385,402.495,-1357.541
850,237.453775641449,-796.830328567358,402.026,-1349.089
850,238.77074145234,-792.182336640107,404.255,-1341.220
850,241.083571485815,-787.74941240928,408.171,-1333.714
850,243.39640151929,-783.316488178452,412.087,-1326.209
850,245.709231552765,-778.883563947625,416.003,-1318.704
850,248.02206158624,-774.450639716798,419.919,-1311.199
850,250.334891619716,-770.017715485971,423.834,-1303.693
850,252.647721653191,-765.584791255143,427.750,-1296.188
850,254.960551686666,-761.151867024316,431.666,-1288.683
850,257.542873602521,-756.95755481715,436.038,-1281.582
850,261.663083223518,-754.124910702715,443.014,-1276.786
850,265.783292844515,-751.292266588279,449.990,-1271.990
850,269.903502465512,-748.459622473844,456.965,-1267.194
850,274.023712086508,-745.626978359409,463.941,-1262.398
850,278.143921707505,-742.794334244973,470.917,-1257.602
850,282.264131328502,-739.961690130538,477.893,-1252.806
850,286.670250009889,-737.613711431226,485.353,-1248.831
850,291.142385964888,-735.377643453726,492.924,-1245.045
850,295.614521919888,-733.141575476226,500.496,-1241.259
850,300.086657874888,-730.905507498727,508.068,-1237.474
850,304.558793829887,-728.669439521227,515.639,-1233.688
850,309.030929784887,-726.433371543727,523.211,-1229.902
850,313.503065739886,-724.197303566227,530.782,-1226.116
850,317.975201694886,-721.961235588727,538.354,-1222.330
850,322.838485357683,-721.907617091783,546.588,-1222.240
850,327.808831348162,-722.451364031936,555.003,-1223.160
850,332.779177338641,-722.995110972089,563.418,-1224.081
850,337.642587274189,-723.749277070791,571.652,-1225.358
850,341.011741485783,-727.443705294277,577.357,-1231.613
850,344.380895697378,-731.138133517764,583.061,-1237.868
850,347.750049908973,-734.83256174125,588.765,-1244.122
850,351.119204120567,-738.526989964737,594.469,-1250.377
800,214.502194148936,-773.697739361702,363.167,-1309.924
800,213.128588509449,-778.505359099907,360.841,-1318.064
800,211.754982869962,-783.312978838111,358.516,-1326.203
800,210.381377230475,-788.120598576315,356.190,-1334.343
800,209.007771590988,-792.928218314519,353.865,-1342.482
800,207.634165951502,-797.735838052723,351.539,-1350.622
800,206.260560312015,-802.543457790927,349.213,-1358.762
800,204.886954672528,-807.351077529131,346.888,-1366.901
800,203.513349033041,-812.158697267335,344.562,-1375.041
800,202.139743393554,-816.966317005539,342.237,-1383.181
800,198.966145452851,-819.387632978724,336.863,-1387.280
800,198.052619644622,-823.603804350806,335.317,-1394.418
800,197.896445882734,-828.601364731241,335.052,-1402.880
800,197.740272120845,-833.598925111677,334.788,-1411.341
800,197.584098358956,-838.596485492112,334.524,-1419.802
800,197.427924597068,-843.594045872547,334.259,-1428.263
800,197.271750835179,-848.591606252983,333.995,-1436.724
800,197.115577073291,-853.589166633418,333.730,-1445.186
800,196.959403311402,-858.586727013853,333.466,-1453.647
800,196.803229549513,-863.584287394289,333.202,-1462.108
800,196.647055787625,-868.581847774724,332.937,-1470.569
800,196.90602024738,-873.548503647826,333.376,-1478.978
800,197.80044743838,-878.467853198326,334.890,-1487.307
800,198.69487462938,-883.387202748825,336.404,-1495.636
800,199.58930182038,-888.306552299325,337.919,-1503.965
800,200.48372901138,-893.225901849824,339.433,-1512.293
800,201.37815620238,-898.145251400324,340.947,-1520.622
800,202.27258339338,-903.064600950824,342.462,-1528.951
800,203.287494811813,-907.945376275635,344.180,-1537.214
800,205.416479993462,-912.46946978664,347.784,-1544.874
800,207.545465175112,-916.993563297645,351.389,-1552.534
800,209.674450356761,-921.51765680865,354.993,-1560.193
800,211.80343553841,-926.041750319655,358.598,-1567.853
800,213.93242072006,-930.56584383066,362.202,-1575.512
800,216.061405901709,-935.089937341664,365.807,-1583.172
800,219.548995148453,-938.659168020794,371.712,-1589.215
800,223.084529054386,-942.194701926727,377.698,-1595.201
800,226.620062960319,-945.73023583266,383.683,-1601.187
800,230.155596866252,-949.265769738592,389.669,-1607.173
800,233.691130772184,-952.801303644525,395.655,-1613.159
800,237.226664678117,-956.336837550458,401.641,-1619.145
800,240.768132444134,-959.866195496713,407.637,-1625.120
800,244.442149667271,-963.257596010378,413.858,-1630.862
800,248.116166890408,-966.648996524043,420.078,-1636.604
800,251.790184113546,-970.040397037709,426.298,-1642.346
800,255.464201336683,-973.431797551374,432.519,-1648.087
800,259.138218559821,-976.823198065039,438.739,-1653.829
800,262.812235782958,-980.214598578705,444.959,-1659.571
800,266.486253006096,-983.60599909237,451.180,-1665.313
800,270.160270229233,-986.997399606036,457.400,-1671.055
800,273.834287452371,-990.388800119701,463.620,-1676.797
800,277.508304675508,-993.780200633366,469.841,-1682.539
800,281.182321898645,-997.171601147031,476.061,-1688.281
800,284.856339121783,-1000.5630016607,482.282,-1694.023
800,288.53035634492,-1003.95440217436,488.502,-1699.764
800,292.204373568058,-1007.34580268803,494.722,-1705.506
800,295.878390791195,-1010.73720320169,500.943,-1711.248
800,299.552408014333,-1014.12860371536,507.163,-1716.990
800,303.22642523747,-1017.52000422902,513.383,-1722.732
800,307.251186300847,-1020.46568448425,520.198,-1727.719
800,311.411437772536,-1023.23918546538,527.241,-1732.415
800,315.571689244225,-1026.01268644651,534.285,-1737.111
800,319.731940715914,-1028.78618742763,541.328,-1741.806
800,323.892192187604,-1031.55968840876,548.372,-1746.502
800,328.052443659293,-1034.33318938988,555.416,-1751.198
800,332.212695130982,-1037.10669037101,562.459,-1755.894
800,336.372946602671,-1039.88019135214,569.503,-1760.589
800,340.533198074361,-1042.65369233326,576.546,-1765.285
800,344.69344954605,-1045.42719331439,583.590,-1769.981
800,348.853701017739,-1048.20069429551,590.633,-1774.676
800,353.013952489428,-1050.97419527664,597.677,-1779.372
800,357.174203961117,-1053.74769625777,604.721,-1784.068
800,360.758528456543,-1057.20105624017,610.789,-1789.915
800,364.17823410095,-1060.84874226087,616.579,-1796.090
800,367.597939745356,-1064.49642828157,622.369,-1802.266
800,371.017645389763,-1068.14411430227,628.159,-1808.442
800,374.437351034169,-1071.79180032297,633.948,-1814.618
800,377.857056678576,-1075.43948634367,639.738,-1820.794
800,381.276762322983,-1079.08717236437,645.528,-1826.969
800,384.436186759785,-1082.95334653078,650.877,-1833.515
800,387.436186759785,-1086.95334653078,655.956,-1840.287
800,390.436186759785,-1090.95334653078,661.036,-1847.060
800,393.436186759785,-1094.95334653078,666.115,-1853.832
800,396.436186759785,-1098.95334653078,671.194,-1860.604
800,399.436186759785,-1102.95334653078,676.273,-1867.376
800,402.436186759785,-1106.95334653078,681.352,-1874.149
800,405.436186759785,-1110.95334653078,686.432,-1880.921
800,408.33171584999,-1115.02726127499,691.334,-1887.818
800,411.105216831116,-1119.18751274667,696.030,-1894.862
800,413.878717812242,-1123.34776421836,700.725,-1901.906
800,416.652218793369,-1127.50801569005,705.421,-1908.949
800,419.425719774495,-1131.66826716174,710.117,-1915.993
800,422.199220755621,-1135.82851863343,714.813,-1923.036
800,424.972721736747,-1139.98877010512,719.508,-1930.080
800,427.98280153266,-1143.96430641997,724.605,-1936.811
800,431.346165502642,-1147.66400678695,730.299,-1943.075
800,434.709529472624,-1151.36370715393,735.993,-1949.339
800,438.072893442605,-1155.06340752091,741.688,-1955.602
800,441.436257412587,-1158.76310788789,747.382,-1961.866
800,445.698851008464,-1160.43005319149,754.599,-1964.689
800,450.698851008464,-1160.43005319149,763.064,-1964.689
800,455.698851008464,-1160.43005319149,771.530,-1964.689
800,459.324322623072,-1157.11164812161,777.668,-1959.070
800,462.859856529005,-1153.57611421568,783.654,-1953.084
800,465.675362764888,-1149.5018282821,788.421,-1946.186
800,468.069623418291,-1145.11235041753,792.474,-1938.755
800,470.463884071693,-1140.72287255296,796.528,-1931.323
800,472.858144725096,-1136.33339468839,800.582,-1923.891
800,475.252405378499,-1131.94391682382,804.635,-1916.460
800,477.646666031902,-1127.55443895924,808.689,-1909.028
800,480.040926685305,-1123.16496109467,812.743,-1901.596
800,482.435187338708,-1118.7754832301,816.796,-1894.164
800,484.199537514251,-1114.15567416201,819.783,-1886.343
800,485.201518694994,-1109.25709950059,821.480,-1878.049
800,486.203499875738,-1104.35852483918,823.176,-1869.756
800,487.205481056481,-1099.45995017777,824.873,-1861.462
800,488.207462237225,-1094.56137551636,826.569,-1853.168
800,489.209443417969,-1089.66280085494,828.265,-1844.875
800,490.211424598712,-1084.76422619353,829.962,-1836.581
800,491.213405779456,-1079.86565153212,831.658,-1828.287
800,492.215386960199,-1074.9670768707,833.355,-1819.994
800,493.217368140943,-1070.06850220929,835.051,-1811.700
800,494.219349321686,-1065.16992754788,836.748,-1803.407
800,495.22133050243,-1060.27135288647,838.444,-1795.113
800,496.223311683173,-1055.37277822505,840.140,-1786.819
800,497.225292863917,-1050.47420356364,841.837,-1778.526
800,498.22727404466,-1045.57562890223,843.533,-1770.232
800,498.838032458253,-1040.61713233523,844.567,-1761.837
800,499.348176785746,-1035.64322514217,845.431,-1753.416
800,499.858321113238,-1030.66931794912,846.295,-1744.995
800,500.368465440731,-1025.69541075606,847.158,-1736.573
800,500.878609768224,-1020.721503563,848.022,-1728.152
800,501.388754095717,-1015.74759636995,848.886,-1719.731
800,501.89889842321,-1010.77368917689,849.750,-1711.310
800,502.409042750703,-1005.79978198384,850.613,-1702.889
800,502.919187078195,-1000.82587479078,851.477,-1694.468
800,503.429331405688,-995.851967597728,852.341,-1686.046
800,503.939475733181,-990.878060404673,853.204,-1677.625
800,504.449620060674,-985.904153211618,854.068,-1669.204
800,504.958941654997,-980.930250784417,854.930,-1660.783
800,504.391208699193,-975.962587421135,853.969,-1652.372
800,503.82347574339,-970.994924057853,853.008,-1643.962
800,503.255742787586,-966.02726069457,852.047,-1635.551
800,502.688009831782,-961.059597331289,851.086,-1627.141
800,502.120276875979,-956.091933968007,850.124,-1618.730
800,501.552543920175,-951.124270604725,849.163,-1610.319
800,500.984810964371,-946.156607241442,848.202,-1601.909
800,500.417078008568,-941.18894387816,847.241,-1593.498
800,499.849345052764,-936.221280514878,846.280,-1585.088
800,499.28161209696,-931.253617151596,845.318,-1576.677
800,498.713879141157,-926.285953788314,844.357,-1568.266
800,497.452162003204,-921.500420785865,842.221,-1560.164
800,495.507301818002,-916.894172978808,838.928,-1552.365
800,493.562441632801,-912.287925171751,835.635,-1544.567
800,491.617581447599,-907.681677364694,832.343,-1536.768
800,489.672721262397,-903.075429557637,829.050,-1528.969
800,487.727861077195,-898.46918175058,825.757,-1521.171
800,485.783000891993,-893.862933943523,822.464,-1513.372
800,483.838140706791,-889.256686136466,819.172,-1505.573
800,481.89328052159,-884.65043832941,815.879,-1497.775
800,479.948420336388,-880.044190522353,812.586,-1489.976
800,478.003560151186,-875.437942715296,809.293,-1482.177
800,476.058699965984,-870.831694908239,806.000,-1474.378
800,474.113839780782,-866.225447101182,802.708,-1466.580
800,472.168979595581,-861.619199294125,799.415,-1458.781
800,470.224119410379,-857.012951487068,796.122,-1450.982
800,468.279259225177,-852.406703680011,792.829,-1443.184
800,466.083323199825,-847.921455843162,789.111,-1435.590
800,463.692109255354,-843.530317508769,785.063,-1428.155
800,461.300895310884,-839.139179174377,781.014,-1420.721
800,458.909681366413,-834.748040839985,776.966,-1413.286
800,456.518467421942,-830.356902505593,772.917,-1405.852
800,454.127253477471,-825.965764171201,768.869,-1398.417
800,451.736039533,-821.574625836809,764.820,-1390.983
800,449.344825588529,-817.183487502417,760.772,-1383.548
800,446.953611644058,-812.792349168025,756.723,-1376.114
800,444.562397699587,-808.401210833633,752.675,-1368.679
800,442.171183755116,-804.010072499241,748.626,-1361.245
800,439.779969810645,-799.618934164848,744.578,-1353.810
800,437.388755866174,-795.227795830456,740.529,-1346.376
800,434.997541921703,-790.836657496064,736.481,-1338.941
800,432.606327977232,-786.445519161672,732.432,-1331.507
800,430.215114032761,-782.05438082728,728.384,-1324.072
800,427.82390008829,-777.663242492888,724.336,-1316.638
800,425.432686143819,-773.272104158496,720.287,-1309.203
800,423.041472199349,-768.880965824104,716.239,-1301.769
800,420.650258254878,-764.489827489712,712.190,-1294.334
800,418.259044310407,-760.09868915532,708.142,-1286.900
800,415.867830365936,-755.707550820928,704.093,-1279.465
800,413.476616421465,-751.316412486536,700.045,-1272.031
800,411.085402476994,-746.925274152143,695.996,-1264.596
800,408.694188532523,-742.534135817751,691.948,-1257.162
800,406.302974588052,-738.142997483359,687.899,-1249.727
800,403.911760643581,-733.751859148967,683.851,-1242.293
800,401.52054669911,-729.360720814575,679.802,-1234.858
800,399.129332754639,-724.969582480183,675.754,-1227.424
800,396.738118810168,-720.578444145791,671.705,-1219.989
800,394.346904865697,-716.187305811399,667.657,-1212.555
800,391.955690921226,-711.796167477007,663.608,-1205.120
800,389.564476976755,-707.405029142615,659.560,-1197.686
800,387.173263032284,-703.013890808223,655.511,-1190.251
800,384.782049087813,-698.62275247383,651.463,-1182.817
800,382.390835143343,-694.231614139438,647.414,-1175.382
800,379.999621198872,-689.840475805046,643.366,-1167.948
800,377.650868993633,-685.433932734122,639.389,-1160.487
800,376.670288317942,-680.531029355667,637.729,-1152.186
800,375.689707642251,-675.628125977213,636.069,-1143.885
800,374.70912696656,-670.725222598758,634.409,-1135.584
800,373.728546290869,-665.822319220304,632.748,-1127.283
800,372.747965615178,-660.919415841849,631.088,-1118.982
800,371.767384939487,-656.016512463394,629.428,-1110.681
800,370.317614938331,-651.27459157879,626.973,-1102.653
800,368.081546960831,-646.802455623791,623.188,-1095.081
800,365.845478983332,-642.330319668791,619.402,-1087.510
800,363.609411005832,-637.858183713792,615.616,-1079.938
800,361.373343028332,-633.386047758792,611.830,-1072.366
800,359.137275050832,-628.913911803793,608.044,-1064.795
800,355.420650305588,-626.837367021277,601.752,-1061.279
800,350.420650305588,-626.837367021277,593.286,-1061.279
800,345.420650305588,-626.837367021277,584.821,-1061.279
800,340.420650305588,-626.837367021277,576.356,-1061.279
800,335.420650305588,-626.837367021277,567.890,-1061.279
800,330.649641022187,-628.02642018687,559.813,-1063.292
800,326.007257567761,-629.88337356864,551.953,-1066.436
800,321.364874113335,-631.740326950411,544.093,-1069.580
800,316.722490658908,-633.597280332182,536.233,-1072.724
800,312.080107204482,-635.454233713952,528.373,-1075.868
800,307.721943629898,-637.792823442076,520.995,-1079.827
800,303.852157133881,-640.959012393363,514.443,-1085.188
800,299.982370637864,-644.125201344649,507.891,-1090.549
800,296.112584141848,-647.291390295935,501.339,-1095.909
800,292.242797645831,-650.457579247221,494.787,-1101.270
800,289.223584109673,-654.382211361312,489.676,-1107.914
800,286.519796153106,-658.588103738195,485.098,-1115.035
800,283.816008196538,-662.793996115078,480.520,-1122.156
800,281.112220239971,-666.99988849196,475.942,-1129.277
800,278.408432283403,-671.205780868843,471.365,-1136.398
800,275.608854528702,-675.344637798181,466.625,-1143.405
800,272.583438191034,-679.325448768797,461.503,-1150.145
800,269.558021853366,-683.306259739412,456.380,-1156.885
800,266.532605515698,-687.287070710028,451.258,-1163.625
800,263.50718917803,-691.267881680643,446.136,-1170.364
800,260.481772840363,-695.248692651259,441.014,-1177.104
800,257.456356502695,-699.229503621874,435.891,-1183.844
800,254.430940165027,-703.21031459249,430.769,-1190.584
800,251.405523827359,-707.191125563105,425.647,-1197.324
800,248.380107489691,-711.171936533721,420.525,-1204.063
800,245.394181676625,-715.177328136111,415.469,-1210.845
800,243.158113699126,-719.649464091111,411.684,-1218.416
800,240.922045721626,-724.12160004611,407.898,-1225.988
800,238.685977744126,-728.59373600111,404.112,-1233.560
800,236.449909766626,-733.065871956109,400.326,-1241.131
800,234.213841789126,-737.538007911109,396.540,-1248.703
800,231.977773811627,-742.010143866108,392.754,-1256.275
800,229.741705834127,-746.482279821108,388.969,-1263.846
800,227.505637856627,-750.954415776108,385.183,-1271.418
800,225.269569879127,-755.426551731107,381.397,-1278.990
800,223.033501901627,-759.898687686107,377.611,-1286.561
800,220.797433924128,-764.370823641106,373.825,-1294.133
800,218.561365946628,-768.842959596106,370.040,-1301.704
800,216.325297969128,-773.315095551106,366.254,-1309.276
750,293.103860167928,-487.633106757442,496.245,-825.597
750,296.333571375259,-483.816175330596,501.713,-819.134
750,299.56328258259,-479.999243903751,507.181,-812.672
750,302.792993789921,-476.182312476905,512.650,-806.210
750,306.396541579911,-472.999098856259,518.751,-800.820
750,311.299444958366,-472.018518180568,527.052,-799.160
750,316.20234833682,-471.037937504877,535.352,-797.500
750,321.142719850786,-471.731771967537,543.717,-798.675
750,326.08457833904,-472.492057888807,552.084,-799.962
750,330.927127057924,-473.406339621151,560.283,-801.510
750,333.658465960659,-477.594392605344,564.907,-808.600
750,336.389804863394,-481.782445589537,569.531,-815.691
750,339.121143766128,-485.97049857373,574.156,-822.782
750,341.852482668863,-490.158551557923,578.780,-829.872
750,344.583821571597,-494.346604542116,583.404,-836.963
750,347.315160474332,-498.534657526309,588.029,-844.054
750,349.77548990227,-502.886908699578,592.194,-851.422
750,352.223163685808,-507.246827626505,596.338,-858.804
750,354.670837469346,-511.606746553433,600.482,-866.186
750,357.118511252884,-515.96666548036,604.626,-873.567
750,359.566185036422,-520.326584407287,608.770,-880.949
750,362.013858819961,-524.686503334215,612.915,-888.331
750,364.461532603499,-529.046422261142,617.059,-895.712
750,366.909206387037,-533.40634118807,621.203,-903.094
750,369.356880170575,-537.766260114997,625.347,-910.476
750,371.804553954113,-542.126179041924,629.491,-917.857
750,374.252227737652,-546.486097968852,633.635,-925.239
750,376.69990152119,-550.846016895779,637.779,-932.620
750,379.147575304728,-555.205935822707,641.923,-940.002
750,381.595249088266,-559.565854749634,646.067,-947.384
750,383.851606187996,-564.021729370639,649.887,-954.928
750,385.882298518263,-568.59078711374,653.325,-962.664
750,387.91299084853,-573.159844856841,656.764,-970.399
750,389.943683178798,-577.728902599943,660.202,-978.135
750,391.974375509065,-582.297960343044,663.640,-985.871
750,394.005067839332,-586.867018086145,667.078,-993.607
750,396.035760169599,-591.436075829247,670.516,-1001.342
750,398.066452499867,-596.005133572348,673.954,-1009.078
750,400.097144830134,-600.574191315449,677.392,-1016.814
750,402.127837160401,-605.14324905855,680.830,-1024.549
750,404.158529490668,-609.712306801652,684.268,-1032.285
750,406.189221820936,-614.281364544753,687.707,-1040.021
750,408.219914151203,-618.850422287854,691.145,-1047.757
750,410.25060648147,-623.419480030956,694.583,-1055.492
750,412.281298811737,-627.988537774057,698.021,-1063.228
750,414.328669809283,-632.549965832435,701.487,-1070.951
750,416.457654990932,-637.07405934344,705.092,-1078.611
750,418.586640172581,-641.598152854445,708.696,-1086.270
750,420.715625354231,-646.12224636545,712.301,-1093.930
750,422.84461053588,-650.646339876455,715.905,-1101.589
750,424.97359571753,-655.17043338746,719.510,-1109.249
750,427.102580899179,-659.694526898465,723.114,-1116.909
750,429.231566080828,-664.21862040947,726.719,-1124.568
750,431.360551262478,-668.742713920475,730.323,-1132.228
750,433.489536444127,-673.26680743148,733.928,-1139.887
750,435.618521625777,-677.790900942485,737.532,-1147.547
750,437.747506807426,-682.31499445349,741.137,-1155.207
750,439.876491989075,-686.839087964495,744.741,-1162.866
750,442.128608458125,-691.302120256063,748.554,-1170.422
750,444.4414384916,-695.735044486891,752.470,-1177.928
750,446.754268525075,-700.167968717718,756.386,-1185.433
750,449.06709855855,-704.600892948545,760.302,-1192.938
750,451.379928592025,-709.033817179372,764.218,-1200.443
750,453.6927586255,-713.4667414102,768.133,-1207.949
750,456.005588658975,-717.899665641027,772.049,-1215.454
750,458.31841869245,-722.332589871854,775.965,-1222.959
750,460.631248725925,-726.765514102682,779.881,-1230.464
750,462.944078759401,-731.198438333509,783.796,-1237.970
750,465.256908792876,-735.631362564336,787.712,-1245.475
750,467.492181702713,-740.099733114873,791.497,-1253.040
750,469.330476149569,-744.749536715742,794.609,-1260.913
750,471.168770596424,-749.399340316612,797.721,-1268.785
750,473.00706504328,-754.049143917482,800.834,-1276.657
750,474.845359490135,-758.698947518351,803.946,-1284.530
750,476.683653936991,-763.348751119221,807.058,-1292.402
750,478.521948383846,-767.998554720091,810.171,-1300.275
750,480.360242830701,-772.64835832096,813.283,-1308.147
750,482.198537277557,-777.29816192183,816.396,-1316.020
750,484.036831724412,-781.9479655227,819.508,-1323.892
750,485.875126171268,-786.597769123569,822.620,-1331.765
750,487.940003056344,-791.150814528107,826.116,-1339.473
750,490.027503914098,-795.694198747923,829.651,-1347.165
750,492.115004771851,-800.23758296774,833.185,-1354.858
750,494.202505629605,-804.780967187556,836.719,-1362.550
750,496.290006487359,-809.324351407373,840.253,-1370.242
750,498.377507345112,-813.867735627189,843.788,-1377.934
750,500.465008202866,-818.411119847006,847.322,-1385.627
750,502.552509060619,-822.954504066822,850.856,-1393.319
750,504.640009918373,-827.497888286639,854.391,-1401.011
750,506.085558575759,-832.277643269904,856.838,-1409.104
750,507.442859400868,-837.089891649836,859.136,-1417.251
750,508.800160225977,-841.902140029768,861.434,-1425.399
750,510.157461051086,-846.7143884097,863.732,-1433.546
750,511.514761876195,-851.526636789632,866.030,-1441.694
750,512.872062701304,-856.338885169564,868.328,-1449.841
750,514.229363526413,-861.151133549496,870.626,-1457.989
750,515.586664351522,-865.963381929428,872.924,-1466.136
750,516.943965176631,-870.77563030936,875.222,-1474.283
750,517.812707425052,-875.696523993989,876.693,-1482.615
750,518.622758171969,-880.630469452486,878.064,-1490.968
750,519.432808918887,-885.564414910982,879.436,-1499.322
750,520.242859665804,-890.498360369479,880.807,-1507.675
750,521.052910412721,-895.432305827975,882.179,-1516.029
750,521.862961159639,-900.366251286472,883.550,-1524.382
750,522.673011906556,-905.300196744968,884.922,-1532.736
750,523.483062653473,-910.234142203465,886.293,-1541.089
750,524.293113400391,-915.168087661961,887.665,-1549.443
750,525.103164147308,-920.102033120458,889.036,-1557.797
750,525.913214894225,-925.035978578954,890.408,-1566.150
750,526.723265641143,-929.969924037451,891.779,-1574.504
750,527.53331638806,-934.903869495948,893.150,-1582.857
750,528.343367134977,-939.837814954444,894.522,-1591.211
750,529.153417881895,-944.771760412941,895.893,-1599.564
750,529.861378401531,-949.721173593839,897.092,-1607.944
750,530.549220257905,-954.673634959728,898.257,-1616.329
750,531.237062114278,-959.626096325617,899.421,-1624.713
750,531.924903970652,-964.578557691505,900.586,-1633.098
750,532.612745827025,-969.531019057394,901.750,-1641.483
750,533.300587683399,-974.483480423283,902.915,-1649.868
750,533.988429539772,-979.435941789172,904.079,-1658.253
750,534.676271396145,-984.38840315506,905.244,-1666.638
750,534.533738226419,-989.366296115151,905.003,-1675.066
750,534.150255731995,-994.351568542659,904.353,-1683.506
750,533.766773237571,-999.336840970167,903.704,-1691.947
750,533.383290743148,-1004.32211339768,903.055,-1700.387
750,532.999808248724,-1009.30738582518,902.406,-1708.827
750,532.6163257543,-1014.29265825269,901.756,-1717.268
750,532.232843259877,-1019.2779306802,901.107,-1725.708
750,531.849360765453,-1024.26320310771,900.458,-1734.149
750,531.465878271029,-1029.24847553521,899.809,-1742.589
750,531.082395776605,-1034.23374796272,899.159,-1751.029
750,530.698913282182,-1039.21902039023,898.510,-1759.470
750,530.372890958447,-1044.20712524024,897.958,-1767.915
750,530.264220981401,-1049.20594418436,897.774,-1776.378
750,530.155551004355,-1054.20476312847,897.590,-1784.842
750,530.046881027309,-1059.20358207259,897.406,-1793.305
750,529.938211050263,-1064.20240101671,897.222,-1801.768
750,529.829541073217,-1069.20121996083,897.038,-1810.232
750,529.720871096171,-1074.20003890495,896.854,-1818.695
750,529.612201119125,-1079.19885784907,896.670,-1827.158
750,529.503531142079,-1084.19767679319,896.486,-1835.622
750,529.394861165033,-1089.19649573731,896.302,-1844.085
750,529.286191187986,-1094.19531468143,896.118,-1852.549
750,529.17752121094,-1099.19413362555,895.934,-1861.012
750,529.068851233894,-1104.19295256967,895.750,-1869.475
750,528.960181256848,-1109.19177151379,895.566,-1877.939
750,528.851511279802,-1114.19059045791,895.382,-1886.402
750,528.742841302756,-1119.18940940203,895.198,-1894.865
750,529.618289416156,-1124.10157038263,896.680,-1903.182
750,530.598870091847,-1129.00447376109,898.341,-1911.483
750,531.579450767538,-1133.90737713954,900.001,-1919.784
750,532.560031443229,-1138.810280518,901.661,-1928.085
750,533.54061211892,-1143.71318389645,903.321,-1936.386
750,534.521192794611,-1148.6160872749,904.981,-1944.687
750,535.501773470301,-1153.51899065336,906.642,-1952.988
750,536.482354145992,-1158.42189403181,908.302,-1961.289
750,537.981650470154,-1163.19144256088,910.840,-1969.364
750,539.48730730984,-1167.95935588655,913.389,-1977.436
750,540.992964149525,-1172.72726921222,915.939,-1985.509
750,542.498620989211,-1177.49518253789,918.488,-1993.581
750,544.004277828896,-1182.26309586356,921.037,-2001.653
750,545.509934668582,-1187.03100918923,923.586,-2009.726
750,547.015591508267,-1191.7989225149,926.135,-2017.798
750,548.521248347953,-1196.56683584057,928.684,-2025.871
750,550.125930394128,-1201.29557572274,931.401,-2033.877
750,552.289585732052,-1205.80319101009,935.065,-2041.508
750,554.453241069976,-1210.31080629743,938.728,-2049.140
750,556.6168964079,-1214.81842158477,942.391,-2056.772
750,558.780551745824,-1219.32603687211,946.054,-2064.403
750,560.944207083747,-1223.83365215945,949.717,-2072.035
750,563.10821640756,-1228.34107077588,953.381,-2079.667
750,565.792593868526,-1232.55937821454,957.926,-2086.808
750,568.476971329492,-1236.7776856532,962.471,-2093.950
750,570.978352578566,-1241.07012316055,966.706,-2101.218
750,571.986617181919,-1245.96740837683,968.413,-2109.509
750,572.994881785271,-1250.86469359311,970.120,-2117.801
750,574.003146388624,-1255.7619788094,971.827,-2126.092
750,574.749211202346,-1260.68597506422,973.090,-2134.429
750,574.749211202346,-1265.68597506422,973.090,-2142.894
750,574.749211202346,-1270.68597506422,973.090,-2151.359
750,574.749211202346,-1275.68597506422,973.090,-2159.825
750,573.52233653193,-1280.49874058855,971.013,-2167.973
750,572.03096156625,-1285.27114047873,968.488,-2176.053
750,568.121542508492,-1288.33513794742,961.869,-2181.241
750,563.279083121384,-1288.44208369261,953.671,-2181.422
750,558.293810693876,-1288.05860119819,945.230,-2180.772
750,553.308538266368,-1287.67511870376,936.790,-2180.123
750,548.32326583886,-1287.29163620934,928.349,-2179.474
750,543.337993411352,-1286.90815371492,919.909,-2178.825
750,538.355493252928,-1286.49988675252,911.473,-2178.133
750,533.408697576104,-1285.77241680004,903.098,-2176.902
750,528.461901899279,-1285.04494684757,894.723,-2175.670
750,523.515106222455,-1284.31747689509,886.347,-2174.439
750,518.568310545631,-1283.59000694262,877.972,-2173.207
750,513.621514868807,-1282.86253699015,869.597,-2171.975
750,508.674719191982,-1282.13506703767,861.222,-2170.744
750,503.727923515158,-1281.4075970852,852.846,-2169.512
750,499.148023208792,-1279.7394510572,845.092,-2166.688
750,495.015026970846,-1276.92549617179,838.095,-2161.923
750,490.882030732899,-1274.11154128638,831.097,-2157.159
750,486.749034494953,-1271.29758640097,824.100,-2152.395
750,482.616038257007,-1268.48363151556,817.102,-2147.631
750,478.483042019061,-1265.66967663015,810.105,-2142.866
750,474.56456326503,-1262.64875735617,803.471,-2137.752
750,471.900496916599,-1258.41759315572,798.960,-2130.588
750,469.236430568168,-1254.18642895527,794.450,-2123.425
750,466.572364219738,-1249.95526475482,789.939,-2116.261
750,463.908297871307,-1245.72410055437,785.429,-2109.097
750,461.244231522876,-1241.49293635392,780.918,-2101.934
750,458.580165174446,-1237.26177215348,776.408,-2094.770
750,455.858098018445,-1233.07629245486,771.799,-2087.684
750,452.368774383893,-1229.49514451413,765.892,-2081.620
750,448.87945074934,-1225.91399657341,759.984,-2075.557
750,445.390127114788,-1222.33284863268,754.076,-2069.494
750,441.900803480236,-1218.75170069196,748.169,-2063.431
750,438.411479845684,-1215.17055275123,742.261,-2057.368
750,434.938737733492,-1211.57528894215,736.381,-2051.281
750,431.960442050739,-1207.55910233965,731.339,-2044.481
750,428.982146367987,-1203.54291573715,726.297,-2037.682
750,426.003850685234,-1199.52672913465,721.254,-2030.882
750,423.025555002481,-1195.51054253215,716.212,-2024.082
750,420.047259319729,-1191.49435592965,711.169,-2017.283
750,417.068963636976,-1187.47816932715,706.127,-2010.483
750,414.090667954224,-1183.46198272465,701.084,-2003.683
750,411.112372271471,-1179.44579612215,696.042,-1996.883
750,408.134076588719,-1175.42960951965,690.999,-1990.084
750,405.155780905966,-1171.41342291715,685.957,-1983.284
750,402.177485223214,-1167.39723631465,680.914,-1976.484
750,399.199189540461,-1163.38104971215,675.872,-1969.685
750,395.775203306077,-1159.75373701767,670.075,-1963.543
750,392.199723725862,-1156.25860529319,664.021,-1957.626
750,388.624244145647,-1152.76347356871,657.968,-1951.708
750,385.048764565432,-1149.26834184423,651.914,-1945.791
750,381.473284985217,-1145.77321011975,645.861,-1939.873
750,377.897805405002,-1142.27807839527,639.807,-1933.956
750,374.322325824787,-1138.78294667079,633.754,-1928.038
750,370.746846244572,-1135.28781494631,627.700,-1922.121
750,367.171366664357,-1131.79268322183,621.647,-1916.203
750,363.595887084142,-1128.29755149736,615.593,-1910.286
750,360.020407503927,-1124.80241977288,609.540,-1904.368
750,356.444927923712,-1121.3072880484,603.486,-1898.451
750,352.869448343497,-1117.81215632392,597.432,-1892.533
750,349.293968763282,-1114.31702459944,591.379,-1886.616
750,345.75627092589,-1110.7836793548,585.389,-1880.634
750,342.220737019957,-1107.24814544887,579.403,-1874.648
750,338.685203114024,-1103.71261154294,573.418,-1868.662
750,335.149669208092,-1100.17707763701,567.432,-1862.676
750,331.614135302159,-1096.64154373107,561.446,-1856.690
750,328.078601396226,-1093.10600982514,555.460,-1850.704
750,324.543067490293,-1089.57047591921,549.474,-1844.718
750,321.007533584361,-1086.03494201328,543.488,-1838.732
750,317.471999678428,-1082.49940810734,537.502,-1832.747
750,313.936465772495,-1078.96387420141,531.516,-1826.761
750,310.400931866562,-1075.42834029548,525.530,-1820.775
750,306.86539796063,-1071.89280638954,519.544,-1814.789
750,303.329864054697,-1068.35727248361,513.558,-1808.803
750,299.794330148764,-1064.82173857768,507.573,-1802.817
750,296.258796242831,-1061.28620467175,501.587,-1796.831
750,292.647087921172,-1057.83362819491,495.472,-1790.986
750,288.823519685079,-1054.61177687246,488.998,-1785.531
750,284.999951448986,-1051.38992555002,482.525,-1780.076
750,281.176383212893,-1048.16807422757,476.051,-1774.621
750,277.3528149768,-1044.94622290513,469.578,-1769.166
750,273.529246740707,-1041.72437158268,463.104,-1763.712
750,269.705678504614,-1038.50252026024,456.630,-1758.257
750,265.882110268521,-1035.28066893779,450.157,-1752.802
750,262.058542032428,-1032.05881761535,443.683,-1747.347
750,258.234973796335,-1028.8369662929,437.210,-1741.892
750,254.411405560242,-1025.61511497046,430.736,-1736.437
750,250.587837324149,-1022.39326364801,424.263,-1730.983
750,246.764269088056,-1019.17141232557,417.789,-1725.528
750,242.940700851963,-1015.94956100312,411.315,-1720.073
750,239.11713261587,-1012.72770968068,404.842,-1714.618
750,235.293564379776,-1009.50585835823,398.368,-1709.163
750,231.469996143683,-1006.28400703579,391.895,-1703.709
750,227.64642790759,-1003.06215571334,385.421,-1698.254
750,223.822859671497,-999.840304390898,378.948,-1692.799
750,219.999291435404,-996.618453068453,372.474,-1687.344
750,216.175723199311,-993.396601746008,366.000,-1681.889
750,212.352154963218,-990.174750423563,359.527,-1676.434
750,208.528586727125,-986.952899101118,353.053,-1670.980
750,205.248409171803,-983.245442791449,347.500,-1664.703
750,202.474908190677,-979.08519131976,342.804,-1657.659
750,199.701407209551,-974.92493984807,338.108,-1650.615
750,196.927906228424,-970.764688376381,333.413,-1643.572
750,194.154405247298,-966.604436904692,328.717,-1636.528
750,191.380904266172,-962.444185433003,324.021,-1629.485
750,188.607403285046,-958.283933961313,319.325,-1622.441
750,185.83390230392,-954.123682489624,314.630,-1615.398
750,183.380498019699,-949.768363000514,310.476,-1608.024
750,180.954429353929,-945.396385092408,306.368,-1600.622
750,178.528360688159,-941.024407184301,302.261,-1593.220
750,176.102292022389,-936.652429276195,298.153,-1585.817
750,173.676223356619,-932.280451368089,294.046,-1578.415
750,171.250154690849,-927.908473459983,289.938,-1571.013
750,168.824086025079,-923.536495551876,285.831,-1563.611
750,166.398017359309,-919.16451764377,281.723,-1556.209
750,163.971948693539,-914.792539735664,277.616,-1548.807
750,161.545880027769,-910.420561827558,273.508,-1541.405
750,159.119811361999,-906.048583919451,269.401,-1534.003
750,156.69374269623,-901.676606011345,265.293,-1526.601
750,154.26767403046,-897.304628103239,261.186,-1519.199
750,151.84160536469,-892.932650195132,257.078,-1511.797
750,149.41553669892,-888.560672287026,252.971,-1504.395
750,146.98946803315,-884.18869437892,248.863,-1496.993
750,145.912934244724,-879.533107106273,247.041,-1489.111
750,146.373925297527,-874.554403735993,247.821,-1480.681
750,146.834916350331,-869.575700365713,248.602,-1472.252
750,147.295907403135,-864.596996995434,249.382,-1463.823
750,147.756898455938,-859.618293625154,250.163,-1455.393
750,148.217889508742,-854.639590254874,250.943,-1446.964
750,148.678880561546,-849.660886884594,251.724,-1438.535
750,149.13987161435,-844.682183514315,252.504,-1430.105
750,149.600862667153,-839.703480144035,253.285,-1421.676
750,150.061853719957,-834.724776773755,254.065,-1413.247
750,150.522844772761,-829.746073403475,254.846,-1404.818
750,150.983835825564,-824.767370033196,255.626,-1396.388
750,151.686662992849,-819.824680690294,256.816,-1388.020
750,152.696352011086,-814.927688951844,258.526,-1379.729
750,153.706041029323,-810.030697213393,260.235,-1371.438
750,154.71573004756,-805.133705474943,261.944,-1363.147
750,155.725419065797,-800.236713736492,263.654,-1354.856
750,156.735108084034,-795.339721998042,265.363,-1346.565
750,157.744797102272,-790.442730259592,267.073,-1338.274
750,158.754486120509,-785.545738521141,268.782,-1329.983
750,159.764175138746,-780.648746782691,270.492,-1321.692
750,160.773864156983,-775.751755044241,272.201,-1313.401
750,161.78355317522,-770.85476330579,273.911,-1305.111
750,163.313480534065,-766.132033772821,276.501,-1297.115
750,165.457202795651,-761.614904721622,280.131,-1289.467
750,167.600925057237,-757.097775670424,283.760,-1281.819
750,169.744647318823,-752.580646619225,287.389,-1274.171
750,171.888369580408,-748.063517568027,291.019,-1266.523
750,174.032091841994,-743.546388516828,294.648,-1258.876
750,176.17581410358,-739.02925946563,298.278,-1251.228
750,178.319536365166,-734.512130414431,301.907,-1243.580
750,180.463258626751,-729.995001363233,305.537,-1235.932
750,182.606980888337,-725.477872312034,309.166,-1228.284
750,184.750703149923,-720.960743260836,312.796,-1220.637
750,186.894425411509,-716.443614209637,316.425,-1212.989
750,189.038147673094,-711.926485158439,320.055,-1205.341
750,191.18186993468,-707.40935610724,323.684,-1197.693
750,193.325592196266,-702.892227056042,327.314,-1190.045
750,196.083824456735,-698.723323237264,331.984,-1182.987
750,198.857325437861,-694.563071765575,336.679,-1175.943
750,201.630826418988,-690.402820293886,341.375,-1168.900
750,204.404327400114,-686.242568822197,346.071,-1161.856
750,207.17782838124,-682.082317350508,350.766,-1154.813
750,209.951329362366,-677.922065878818,355.462,-1147.769
750,212.724830343492,-673.761814407129,360.158,-1140.725
750,215.498331324618,-669.60156293544,364.854,-1133.682
750,218.271832305744,-665.441311463751,369.549,-1126.638
750,220.512526145307,-661.034668404518,373.343,-1119.178
750,221.886131784794,-656.227048666314,375.669,-1111.038
750,224.674797893679,-652.172563525824,380.390,-1104.173
750,227.895476622593,-648.348007535239,385.843,-1097.698
750,231.116155351507,-644.523451544653,391.296,-1091.223
750,234.336834080421,-640.698895554068,396.749,-1084.748
750,237.557512809335,-636.874339563483,402.201,-1078.272
750,240.623638025696,-632.938093640314,407.392,-1071.608
750,243.244125154018,-628.679802056791,411.829,-1064.398
750,245.86461228234,-624.421510473269,416.266,-1057.189
750,248.485099410661,-620.163218889746,420.702,-1049.979
750,251.105586538983,-615.904927306223,425.139,-1042.770
750,253.726073667305,-611.6466357227,429.576,-1035.560
750,256.346560795626,-607.388344139178,434.012,-1028.351
750,258.765391356936,-603.018742222692,438.108,-1020.953
750,260.971989634282,-598.531992392089,441.844,-1013.356
750,263.178587911627,-594.045242561486,445.580,-1005.760
750,265.385186188973,-589.558492730883,449.316,-998.163
750,267.591784466319,-585.071742900281,453.051,-990.567
750,269.798382743664,-580.584993069678,456.787,-982.971
750,272.00498102101,-576.098243239075,460.523,-975.374
750,274.211579298356,-571.611493408472,464.259,-967.778
750,274.958697696457,-566.680148554371,465.524,-959.429
750,275.628287176464,-561.72518640232,466.658,-951.040
750,276.297876656471,-556.770224250268,467.791,-942.651
750,276.967466136478,-551.815262098217,468.925,-934.261
750,277.637055616485,-546.860299946165,470.059,-925.872
750,278.306645096492,-541.905337794113,471.192,-917.483
750,278.976234576499,-536.950375642062,472.326,-909.094
750,279.645824056506,-531.99541349001,473.460,-900.705
750,280.593323062242,-527.090016769115,475.064,-892.400
750,281.677975351335,-522.209081468195,476.900,-884.136
750,282.762627640429,-517.328146167275,478.737,-875.872
750,283.847279929522,-512.447210866355,480.573,-867.609
750,284.931932218615,-507.566275565436,482.410,-859.345
750,286.016584507708,-502.685340264516,484.246,-851.081
750,287.939885525611,-498.147797363453,487.502,-843.399
750,290.589880225627,-493.907805843428,491.989,-836.220
750,293.239874925643,-489.667814323403,496.475,-829.042
750,295.889869625659,-485.427822803377,500.962,-821.863
650,121.302968136845,-315.243143495113,205.374,-533.728
650,123.107938649633,-319.905983986484,208.430,-541.623
650,124.912909162422,-324.568824477854,211.486,-549.518
650,126.717879675211,-329.231664969224,214.542,-557.412
650,128.522850187999,-333.894505460595,217.598,-565.307
650,130.327820700788,-338.557345951965,220.654,-573.201
650,132.132791213576,-343.220186443336,223.710,-581.096
650,133.937761726365,-347.883026934706,226.766,-588.990
650,135.742732239153,-352.545867426077,229.822,-596.885
650,137.547702751942,-357.208707917447,232.878,-604.779
650,139.352673264731,-361.871548408818,235.934,-612.674
650,141.157643777519,-366.534388900188,238.990,-620.568
650,142.962614290308,-371.197229391558,242.046,-628.463
650,144.767584803096,-375.860069882929,245.102,-636.357
650,146.572555315885,-380.522910374299,248.157,-644.252
650,148.100601038044,-385.258625253658,250.745,-652.270
650,148.82459693863,-390.205930574329,251.970,-660.646
650,149.548592839216,-395.153235894999,253.196,-669.022
650,150.272588739802,-400.10054121567,254.422,-677.398
650,150.996584640388,-405.04784653634,255.648,-685.774
650,151.720580540974,-409.995151857011,256.873,-694.150
650,152.444576441559,-414.942457177681,258.099,-702.526
650,153.168572342145,-419.889762498352,259.325,-710.902
650,153.892568242731,-424.837067819022,260.551,-719.279
650,154.616564143317,-429.784373139693,261.777,-727.655
650,155.340560043903,-434.731678460363,263.002,-736.031
650,156.064555944489,-439.678983781034,264.228,-744.407
650,156.788551845075,-444.626289101705,265.454,-752.783
650,157.512547745661,-449.573594422375,266.680,-761.159
650,158.236543646247,-454.520899743046,267.905,-769.535
650,158.960539546833,-459.468205063716,269.131,-777.912
650,159.684535447419,-464.415510384387,270.357,-786.288
650,160.408531348005,-469.362815705057,271.583,-794.664
650,161.132527248591,-474.310121025728,272.809,-803.040
650,160.49989509167,-479.243969059039,271.737,-811.393
650,159.677900155143,-484.1759386782,270.346,-819.743
650,158.855905218616,-489.10790829736,268.954,-828.094
650,158.033910282089,-494.039877916521,267.562,-836.444
650,157.211915345563,-498.971847535682,266.171,-844.794
650,156.389920409036,-503.903817154842,264.779,-853.144
650,155.567925472509,-508.835786774003,263.387,-861.494
650,154.745930535982,-513.767756393164,261.996,-869.844
650,153.923935599455,-518.699726012325,260.604,-878.195
650,153.101940662929,-523.631695631485,259.212,-886.545
650,152.224298816457,-528.550528797161,257.726,-894.873
650,150.753869572269,-533.329423840771,255.237,-902.964
650,149.283440328082,-538.108318884381,252.747,-911.055
650,147.813011083894,-542.887213927991,250.258,-919.146
650,146.342581839706,-547.6661089716,247.768,-927.237
650,144.872152595519,-552.44500401521,245.279,-935.328
650,143.401723351331,-557.22389905882,242.789,-943.419
650,141.931294107144,-562.00279410243,240.300,-951.510
650,140.460864862956,-566.781689146039,237.810,-959.601
650,138.990435618768,-571.560584189649,235.320,-967.692
650,137.520006374581,-576.339479233259,232.831,-975.783
650,136.049577130393,-581.118374276869,230.341,-983.874
650,134.573348851106,-585.895291848287,227.842,-991.961
650,132.817731643164,-590.576937736132,224.870,-999.888
650,131.062114435222,-595.258583623977,221.897,-1007.814
650,129.30649722728,-599.940229511823,218.925,-1015.740
650,127.550880019338,-604.621875399668,215.952,-1023.667
650,125.795262811396,-609.303521287513,212.980,-1031.593
650,124.039645603454,-613.985167175358,210.008,-1039.519
650,122.284028395512,-618.666813063203,207.035,-1047.446
650,116.867608278035,-1024.90072090467,197.865,-1735.228
650,120.323721507872,-1028.51393019041,203.716,-1741.345
650,123.779834737709,-1032.12713947614,209.568,-1747.463
650,127.235947967546,-1035.74034876188,215.419,-1753.580
650,130.692061197382,-1039.35355804762,221.271,-1759.698
650,134.148174427219,-1042.96676733336,227.122,-1765.815
650,137.604287657056,-1046.5799766191,232.974,-1771.932
650,141.060400886893,-1050.19318590484,238.825,-1778.050
650,144.51651411673,-1053.80639519058,244.676,-1784.167
650,147.972627346567,-1057.41960447631,250.528,-1790.285
650,151.428740576403,-1061.03281376205,256.379,-1796.402
650,154.88485380624,-1064.64602304779,262.231,-1802.520
650,158.340967036077,-1068.25923233353,268.082,-1808.637
650,161.797080265914,-1071.87244161927,273.934,-1814.754
650,165.253193495751,-1075.48565090501,279.785,-1820.872
650,168.858479718232,-1078.9491766246,285.889,-1826.736
650,172.483476886204,-1082.39292393418,292.026,-1832.566
650,176.108474054176,-1085.83667124375,298.164,-1838.397
650,179.733471222148,-1089.28041855333,304.301,-1844.227
650,183.35846839012,-1092.7241658629,310.439,-1850.058
650,186.983465558092,-1096.16791317247,316.576,-1855.888
650,190.608462726064,-1099.61166048205,322.713,-1861.719
650,194.233459894036,-1103.05540779162,328.851,-1867.549
650,197.858457062008,-1106.49915510119,334.988,-1873.380
650,201.48345422998,-1109.94290241077,341.125,-1879.210
650,205.108451397952,-1113.38664972034,347.263,-1885.041
650,208.733448565924,-1116.83039702991,353.400,-1890.871
650,212.259963894079,-1120.37342647003,359.371,-1896.870
650,215.732936462577,-1123.97043377312,365.251,-1902.960
650,219.205909031075,-1127.56744107621,371.131,-1909.050
650,222.678881599573,-1131.1644483793,377.011,-1915.140
650,226.151854168071,-1134.76145568238,382.891,-1921.230
650,229.624826736568,-1138.35846298547,388.771,-1927.320
650,233.097799305066,-1141.95547028856,394.651,-1933.410
650,236.570771873564,-1145.55247759164,400.531,-1939.500
650,240.043744442062,-1149.14948489473,406.411,-1945.590
650,243.51671701056,-1152.74649219782,412.291,-1951.680
650,246.989689579058,-1156.34349950091,418.171,-1957.770
650,250.462662147555,-1159.94050680399,424.051,-1963.860
650,253.935634716053,-1163.53751410708,429.931,-1969.950
650,257.408607284551,-1167.13452141017,435.811,-1976.040
650,260.881579853049,-1170.73152871325,441.691,-1982.130
650,264.354552421547,-1174.32853601634,447.571,-1988.220
650,267.827524990045,-1177.92554331943,453.451,-1994.310
650,271.300497558543,-1181.52255062251,459.331,-2000.400
650,274.410087758615,-1185.42917512207,464.595,-2007.014
650,277.410087758615,-1189.42917512207,469.675,-2013.786
650,280.410087758615,-1193.42917512207,474.754,-2020.558
650,283.410087758615,-1197.42917512207,479.833,-2027.331
650,286.410087758615,-1201.42917512207,484.912,-2034.103
650,289.410087758615,-1205.42917512207,489.991,-2040.875
650,292.410087758615,-1209.42917512207,495.071,-2047.647
650,295.410087758615,-1213.42917512207,500.150,-2054.420
650,298.410087758615,-1217.42917512207,505.229,-2061.192
650,301.410087758615,-1221.42917512207,510.308,-2067.964
650,304.410087758615,-1225.42917512207,515.387,-2074.737
650,307.410087758615,-1229.42917512207,520.467,-2081.509
650,310.410087758615,-1233.42917512207,525.546,-2088.281
650,313.410087758615,-1237.42917512207,530.625,-2095.053
650,316.410087758615,-1241.42917512207,535.704,-2101.826
650,319.410087758615,-1245.42917512207,540.783,-2108.598
650,322.410087758615,-1249.42917512207,545.863,-2115.370
650,325.404005043166,-1253.43347873498,550.932,-2122.150
650,328.177506024292,-1257.59373020667,555.627,-2129.193
650,330.951007005418,-1261.75398167836,560.323,-2136.237
650,333.724507986544,-1265.91423315005,565.019,-2143.281
650,336.49800896767,-1270.07448462174,569.714,-2150.324
650,339.271509948796,-1274.23473609343,574.410,-2157.368
650,342.045010929922,-1278.39498756511,579.106,-2164.411
650,344.818511911049,-1282.5552390368,583.802,-2171.455
650,347.592012892175,-1286.71549050849,588.497,-2178.499
650,350.365513873301,-1290.87574198018,593.193,-2185.542
650,353.139014854427,-1295.03599345187,597.889,-2192.586
650,355.912515835553,-1299.19624492356,602.585,-2199.629
650,358.686016816679,-1303.35649639525,607.280,-2206.673
650,361.459517797806,-1307.51674786694,611.976,-2213.716
650,364.233018778932,-1311.67699933863,616.672,-2220.760
650,367.006519760058,-1315.83725081032,621.367,-2227.804
650,369.780020741184,-1319.99750228201,626.063,-2234.847
650,372.55352172231,-1324.1577537537,630.759,-2241.891
650,375.327022703436,-1328.31800522538,635.455,-2248.934
650,378.100523684562,-1332.47825669707,640.150,-2255.978
650,380.874024665689,-1336.63850816876,644.846,-2263.022
650,383.647525646815,-1340.79875964045,649.542,-2270.065
650,386.421026627941,-1344.95901111214,654.238,-2277.109
650,389.194527609067,-1349.11926258383,658.933,-2284.152
650,391.968028590193,-1353.27951405552,663.629,-2291.196
650,394.741529571319,-1357.43976552721,668.325,-2298.240
650,397.515030552445,-1361.6000169989,673.020,-2305.283
650,400.288531533572,-1365.76026847059,677.716,-2312.327
650,403.062032514698,-1369.92051994228,682.412,-2319.370
600,119.08528820744,-1151.30847688074,201.620,-1949.245
600,123.110567394207,-1154.27447207099,208.435,-1954.267
600,127.135846580974,-1157.24046726124,215.250,-1959.288
600,131.16112576774,-1160.20646245149,222.065,-1964.310
600,135.186404954507,-1163.17245764174,228.880,-1969.332
600,139.211684141274,-1166.13845283199,235.695,-1974.353
600,143.236963328041,-1169.10444802224,242.510,-1979.375
600,147.262242514808,-1172.07044321249,249.325,-1984.396
600,151.287521701575,-1175.03643840274,256.140,-1989.418
600,155.312800888342,-1178.00243359299,262.955,-1994.440
600,159.338080075108,-1180.96842878324,269.770,-1999.461
600,163.386449354867,-1183.90259767008,276.625,-2004.429
600,167.455116710901,-1186.80878863868,283.513,-2009.350
600,171.523784066935,-1189.71497960727,290.402,-2014.270
600,175.592451422968,-1192.62117057587,297.290,-2019.190
600,179.661118779002,-1195.52736154446,304.179,-2024.111
600,183.729786135036,-1198.43355251306,311.067,-2029.031
600,187.798453491069,-1201.33974348165,317.956,-2033.951
600,191.867120847103,-1204.24593445025,324.844,-2038.872
600,195.935788203137,-1207.15212541884,331.733,-2043.792
600,200.00445555917,-1210.05831638744,338.621,-2048.713
600,204.073122915204,-1212.96450735604,345.510,-2053.633
600,208.022162930022,-1215.98384359094,352.196,-2058.745
600,210.697423335943,-1220.20793896871,356.725,-2065.897
600,213.372683741865,-1224.43203434648,361.255,-2073.048
600,216.047944147787,-1228.65612972425,365.784,-2080.200
600,218.723204553709,-1232.88022510202,370.314,-2087.352
600,221.39846495963,-1237.1043204798,374.843,-2094.503
600,224.073725365552,-1241.32841585757,379.372,-2101.655
600,226.748985771474,-1245.55251123534,383.902,-2108.807
600,229.424246177396,-1249.77660661311,388.431,-2115.958
600,232.099506583317,-1254.00070199088,392.961,-2123.110
600,234.774766989239,-1258.22479736865,397.490,-2130.262
600,237.450027395161,-1262.44889274642,402.019,-2137.413
600,240.125287801082,-1266.67298812419,406.549,-2144.565
600,242.800548207004,-1270.89708350196,411.078,-2151.717
600,245.475808612926,-1275.12117887974,415.608,-2158.869
600,248.151069018848,-1279.34527425751,420.137,-2166.020
600,250.817849233986,-1283.57470502229,424.652,-2173.181
600,253.467843934002,-1287.81469654231,429.139,-2180.360
600,256.117838634017,-1292.05468806234,433.625,-2187.538
600,258.767833334033,-1296.29467958236,438.112,-2194.717
600,261.417828034049,-1300.53467110239,442.599,-2201.895
600,264.067822734065,-1304.77466262241,447.085,-2209.074
600,266.717817434081,-1309.01465414244,451.572,-2216.253
600,269.367812134097,-1313.25464566246,456.058,-2223.431
600,272.017806834113,-1317.49463718249,460.545,-2230.610
600,274.667801534129,-1321.73462870251,465.032,-2237.788
600,277.317796234145,-1325.97462022254,469.518,-2244.967
600,279.967790934161,-1330.21461174257,474.005,-2252.146
600,282.617785634177,-1334.45460326259,478.491,-2259.324
600,285.267780334192,-1338.69459478262,482.978,-2266.503
600,287.917775034208,-1342.93458630264,487.465,-2273.681
600,290.567769734224,-1347.17457782267,491.951,-2280.860
600,293.21776443424,-1351.41456934269,496.438,-2288.039
600,295.821373615502,-1355.68296876505,500.846,-2295.265
600,298.39385239264,-1359.97043339361,505.201,-2302.524
600,300.966331169778,-1364.25789802218,509.557,-2309.783
600,303.538809946915,-1368.54536265074,513.912,-2317.042
600,306.111288724053,-1372.8328272793,518.268,-2324.301
550,116.867608278035,-1271.06319306861,197.865,-2151.998
550,120.403142183968,-1274.59872697454,203.851,-2157.984
550,123.938676089901,-1278.13426088047,209.837,-2163.970
550,127.474209995833,-1281.66979478641,215.823,-2169.956
550,131.009743901766,-1285.20532869234,221.809,-2175.942
550,134.545277807699,-1288.74086259827,227.794,-2181.928
550,138.080811713632,-1292.2763965042,233.780,-2187.914
550,141.616345619564,-1295.81193041014,239.766,-2193.899
550,145.151879525497,-1299.34746431607,245.752,-2199.885
550,148.68741343143,-1302.882998222,251.738,-2205.871
550,152.222947337363,-1306.41853212793,257.724,-2211.857
550,155.023937670283,-1310.55624772174,262.466,-2218.863
550,157.797438651409,-1314.71649919343,267.162,-2225.906
550,160.570939632535,-1318.87675066512,271.858,-2232.950
550,163.344440613661,-1323.03700213681,276.553,-2239.993
550,166.117941594787,-1327.1972536085,281.249,-2247.037
550,168.891442575913,-1331.35750508019,285.945,-2254.081
550,171.66494355704,-1335.51775655187,290.641,-2261.124
550,174.438444538166,-1339.67800802356,295.336,-2268.168
550,176.804857256277,-1344.08171615587,299.343,-2275.623
550,179.157798432748,-1348.49348086176,303.327,-2283.093
550,181.510739609218,-1352.90524556764,307.310,-2290.562
550,183.863680785689,-1357.31701027352,311.294,-2298.032
550,186.216621962159,-1361.7287749794,315.278,-2305.501
550,188.56956313863,-1366.14053968529,319.261,-2312.971
550,190.922504315101,-1370.55230439117,323.245,-2320.440
600,897.490943428545,-1370.85878989183,1519.514,-2320.959
600,895.132682176859,-1366.44986668215,1515.522,-2313.494
600,892.774420925173,-1362.04094347248,1511.529,-2306.030
600,890.416159673487,-1357.63202026281,1507.536,-2298.565
600,888.057898421801,-1353.22309705313,1503.544,-2291.100
600,885.699637170116,-1348.81417384346,1499.551,-2283.636
600,883.34137591843,-1344.40525063378,1495.558,-2276.171
600,880.983114666744,-1339.99632742411,1491.565,-2268.707
600,878.624853415058,-1335.58740421444,1487.573,-2261.242
600,876.266592163372,-1331.17848100476,1483.580,-2253.777
600,873.908330911687,-1326.76955779509,1479.587,-2246.313
600,871.550069660001,-1322.36063458542,1475.595,-2238.848
600,869.191808408315,-1317.95171137574,1471.602,-2231.384
600,866.833547156629,-1313.54278816607,1467.609,-2223.919
600,864.475285904943,-1309.1338649564,1463.617,-2216.454
600,862.117024653258,-1304.72494174672,1459.624,-2208.990
600,859.758763401572,-1300.31601853705,1455.631,-2201.525
600,857.400502149886,-1295.90709532738,1451.638,-2194.061
600,855.0422408982,-1291.4981721177,1447.646,-2186.596
600,852.683979646514,-1287.08924890803,1443.653,-2179.131
600,850.325718394829,-1282.68032569836,1439.660,-2171.667
600,847.967457143143,-1278.27140248868,1435.668,-2164.202
600,845.7274082385,-1273.80454577287,1431.875,-2156.639
600,843.68770792755,-1269.23950221979,1428.422,-2148.910
600,841.6480076166,-1264.67445866671,1424.968,-2141.182
600,839.60830730565,-1260.10941511363,1421.515,-2133.453
600,837.568606994699,-1255.54437156056,1418.062,-2125.724
600,835.528906683749,-1250.97932800748,1414.608,-2117.995
600,833.489206372799,-1246.4142844544,1411.155,-2110.266
600,831.449506061849,-1241.84924090132,1407.702,-2102.537
600,829.409805750898,-1237.28419734824,1404.248,-2094.808
600,827.370105439948,-1232.71915379516,1400.795,-2087.079
600,825.330405128998,-1228.15411024208,1397.342,-2079.350
600,823.290704818048,-1223.589066689,1393.888,-2071.621
600,821.251004507097,-1219.02402313592,1390.435,-2063.892
600,819.211304196147,-1214.45897958284,1386.982,-2056.163
600,817.171603885197,-1209.89393602976,1383.528,-2048.434
600,815.131903574247,-1205.32889247669,1380.075,-2040.705
600,813.092203263296,-1200.76384892361,1376.621,-2032.976
600,811.052502952346,-1196.19880537053,1373.168,-2025.247
600,809.012802641396,-1191.63376181745,1369.715,-2017.519
600,806.973102330445,-1187.06871826437,1366.261,-2009.790
600,804.933402019495,-1182.50367471129,1362.808,-2002.061
600,802.893701708545,-1177.93863115821,1359.355,-1994.332
600,800.854001397595,-1173.37358760513,1355.901,-1986.603
600,799.139098049672,-1168.68783462853,1352.998,-1978.670
600,797.70235862184,-1163.89870320242,1350.565,-1970.561
600,796.265619194009,-1159.10957177631,1348.133,-1962.453
600,794.828879766177,-1154.32044035021,1345.700,-1954.345
600,793.392140338345,-1149.5313089241,1343.268,-1946.236
600,791.955400910513,-1144.742177498,1340.835,-1938.128
600,790.518661482682,-1139.95304607189,1338.403,-1930.020
600,789.08192205485,-1135.16391464579,1335.970,-1921.911
600,787.645182627018,-1130.37478321968,1333.538,-1913.803
600,786.208443199186,-1125.58565179357,1331.105,-1905.695
600,784.771703771355,-1120.79652036747,1328.673,-1897.586
600,783.334964343523,-1116.00738894136,1326.240,-1889.478
600,781.898224915691,-1111.21825751526,1323.808,-1881.370
600,780.46148548786,-1106.42912608915,1321.375,-1873.261
600,779.024746060028,-1101.63999466304,1318.943,-1865.153
600,777.588006632196,-1096.85086323694,1316.510,-1857.045
600,776.151267204364,-1092.06173181083,1314.078,-1848.936
600,774.714527776533,-1087.27260038473,1311.645,-1840.828
600,773.277788348701,-1082.48346895862,1309.213,-1832.720
600,771.841048920869,-1077.69433753252,1306.780,-1824.611
600,770.404309493037,-1072.90520610641,1304.348,-1816.503
600,768.967570065206,-1068.1160746803,1301.915,-1808.395
600,767.530830637374,-1063.3269432542,1299.483,-1800.286
600,766.094091209542,-1058.53781182809,1297.050,-1792.178
600,764.657351781711,-1053.74868040199,1294.618,-1784.070
600,763.220612353879,-1048.95954897588,1292.185,-1775.961
600,761.783872926047,-1044.17041754978,1289.753,-1767.853
600,760.347133498215,-1039.38128612367,1287.320,-1759.745
600,759.022420239641,-1034.56042210934,1285.078,-1751.582
600,757.73410698684,-1029.72924741133,1282.896,-1743.403
600,756.445793734038,-1024.89807271333,1280.715,-1735.223
600,755.157480481236,-1020.06689801532,1278.534,-1727.044
600,753.869167228435,-1015.23572331731,1276.353,-1718.864
600,752.580853975633,-1010.40454861931,1274.172,-1710.685
600,751.292540722831,-1005.5733739213,1271.990,-1702.505
600,750.00422747003,-1000.7421992233,1269.809,-1694.326
600,748.715914217228,-995.911024525289,1267.628,-1686.146
600,747.427600964426,-991.079849827283,1265.447,-1677.967
600,746.139287711625,-986.248675129277,1263.266,-1669.787
600,744.850974458823,-981.41750043127,1261.084,-1661.608
600,743.562661206021,-976.586325733264,1258.903,-1653.428
600,742.27434795322,-971.755151035258,1256.722,-1645.249
600,740.986034700418,-966.923976337252,1254.541,-1637.069
600,739.697721447616,-962.092801639245,1252.360,-1628.890
600,738.409408194815,-957.261626941239,1250.178,-1620.710
600,737.121094942013,-952.430452243233,1247.997,-1612.531
600,735.832781689212,-947.599277545227,1245.816,-1604.351
600,734.54446843641,-942.76810284722,1243.635,-1596.172
600,733.256155183608,-937.936928149214,1241.453,-1587.992
600,731.967841930806,-933.105753451208,1239.272,-1579.813
600,730.679528678005,-928.274578753202,1237.091,-1571.633
600,729.391215425203,-923.443404055196,1234.910,-1563.454
600,728.102902172402,-918.612229357189,1232.729,-1555.274
600,726.8145889196,-913.781054659183,1230.547,-1547.095
600,725.526275666798,-908.949879961177,1228.366,-1538.915
600,724.156364918543,-904.144017034159,1226.047,-1530.778
600,722.484315692689,-899.431878306753,1223.216,-1522.801
600,720.812266466835,-894.719739579346,1220.385,-1514.823
600,719.140217240981,-890.00760085194,1217.554,-1506.845
600,717.468168015128,-885.295462124534,1214.723,-1498.867
600,715.796118789274,-880.583323397128,1211.892,-1490.889
600,714.12406956342,-875.871184669722,1209.062,-1482.911
600,712.452020337566,-871.159045942315,1206.231,-1474.933
600,710.779971111712,-866.446907214909,1203.400,-1466.955
600,709.107921885858,-861.734768487503,1200.569,-1458.977
600,707.435872660005,-857.022629760097,1197.738,-1450.999
600,705.763823434151,-852.31049103269,1194.907,-1443.021
600,704.091774208297,-847.598352305284,1192.076,-1435.043
600,702.419724982443,-842.886213577878,1189.245,-1427.065
600,700.747675756589,-838.174074850472,1186.414,-1419.087
600,699.075626530735,-833.461936123065,1183.583,-1411.109
600,697.403577304882,-828.749797395659,1180.753,-1403.131
600,695.731528079028,-824.037658668253,1177.922,-1395.153
600,694.059478853174,-819.325519940847,1175.091,-1387.175
600,692.38742962732,-814.613381213441,1172.260,-1379.197
600,690.715380401466,-809.901242486034,1169.429,-1371.219
600,689.043331175612,-805.189103758628,1166.598,-1363.241
600,687.371281949759,-800.476965031222,1163.767,-1355.263
600,685.699232723905,-795.764826303816,1160.936,-1347.285
600,684.027183498051,-791.052687576409,1158.105,-1339.307
600,682.355134272197,-786.340548849003,1155.275,-1331.329
600,680.683085046343,-781.628410121597,1152.444,-1323.351
600,679.011035820489,-776.916271394191,1149.613,-1315.373
600,677.338986594636,-772.204132666784,1146.782,-1307.395
600,675.658528020463,-767.495235171474,1143.937,-1299.423
600,673.735451097386,-762.87985055609,1140.681,-1291.608
600,671.812374174309,-758.264465940705,1137.425,-1283.794
600,669.889297251232,-753.64908132532,1134.169,-1275.980
600,667.966220328155,-749.033696709936,1130.913,-1268.166
600,666.043143405078,-744.418312094551,1127.657,-1260.352
600,664.120066482002,-739.802927479167,1124.401,-1252.538
600,662.196989558925,-735.187542863782,1121.145,-1244.723
600,660.273912635848,-730.572158248397,1117.889,-1236.909
600,658.350835712771,-725.956773633013,1114.634,-1229.095
600,656.427758789694,-721.341389017628,1111.378,-1221.281
600,654.504681866617,-716.726004402244,1108.122,-1213.467
600,652.58160494354,-712.110619786859,1104.866,-1205.653
600,650.658528020463,-707.495235171474,1101.610,-1197.838
600,648.735451097386,-702.87985055609,1098.354,-1190.024
600,646.812374174309,-698.264465940705,1095.098,-1182.210
600,644.889297251232,-693.64908132532,1091.842,-1174.396
600,642.966220328155,-689.033696709936,1088.586,-1166.582
600,641.043143405078,-684.418312094551,1085.330,-1158.768
600,639.120066482001,-679.802927479167,1082.075,-1150.953
600,637.196989558925,-675.187542863782,1078.819,-1143.139
600,635.273912635848,-670.572158248397,1075.563,-1135.325
600,633.350835712771,-665.956773633013,1072.307,-1127.511
600,631.427758789694,-661.341389017628,1069.051,-1119.697
600,629.383599429676,-656.778400162089,1065.590,-1111.971
600,627.335647415507,-652.217052494167,1062.123,-1104.249
600,625.287695401338,-647.655704826245,1058.655,-1096.526
600,623.239743387168,-643.094357158322,1055.188,-1088.803
600,621.191791372999,-638.5330094904,1051.721,-1081.081
600,619.14383935883,-633.971661822478,1048.253,-1073.358
600,617.095887344661,-629.410314154555,1044.786,-1065.635
600,615.047935330492,-624.848966486633,1041.319,-1057.913
600,612.999983316322,-620.287618818711,1037.851,-1050.190
600,610.952031302153,-615.726271150789,1034.384,-1042.467
600,608.904079287984,-611.164923482866,1030.917,-1034.745
600,606.856127273815,-606.603575814944,1027.449,-1027.022
600,604.808175259646,-602.042228147022,1023.982,-1019.299
600,602.760223245476,-597.480880479099,1020.515,-1011.577
600,600.712271231307,-592.919532811177,1017.048,-1003.854
600,598.664319217138,-588.358185143255,1013.580,-996.131
600,596.616367202969,-583.796837475332,1010.113,-988.409
600,594.5684151888,-579.23548980741,1006.646,-980.686
600,592.52046317463,-574.674142139488,1003.178,-972.963
600,590.472511160461,-570.112794471565,999.711,-965.240
600,588.424559146292,-565.551446803643,996.244,-957.518
600,586.376607132123,-560.990099135721,992.776,-949.795
600,584.328655117954,-556.428751467798,989.309,-942.072
600,582.24531438538,-551.884448339476,985.782,-934.379
600,579.955531437008,-547.439575557343,981.905,-926.853
600,577.665748488637,-542.99470277521,978.028,-919.328
600,575.375965540265,-538.549829993077,974.151,-911.802
600,573.086182591894,-534.104957210944,970.275,-904.277
600,570.796399643522,-529.660084428811,966.398,-896.751
600,568.506616695151,-525.215211646678,962.521,-889.226
600,566.216833746779,-520.770338864545,958.644,-881.700
600,563.927050798407,-516.325466082412,954.768,-874.175
600,561.637267850036,-511.880593300279,950.891,-866.649
600,559.347484901664,-507.435720518146,947.014,-859.124
600,557.057701953293,-502.990847736013,943.137,-851.598
600,554.767919004921,-498.54597495388,939.261,-844.073
600,552.47813605655,-494.101102171747,935.384,-836.547
600,550.188353108178,-489.656229389613,931.507,-829.022
600,547.898570159806,-485.211356607481,927.630,-821.496
600,545.608787211435,-480.766483825348,923.753,-813.971
600,543.303294219079,-476.329755772395,919.850,-806.459
600,540.990464185604,-471.896831541567,915.934,-798.954
600,538.677634152129,-467.46390731074,912.019,-791.449
600,536.364804118654,-463.030983079913,908.103,-783.944
600,534.051974085179,-458.598058849085,904.187,-776.438
600,531.739144051704,-454.165134618258,900.271,-768.933
600,529.426314018229,-449.732210387431,896.355,-761.428
600,527.113483984754,-445.299286156604,892.440,-753.923
600,524.800653951278,-440.866361925776,888.524,-746.417
600,522.487823917803,-436.433437694949,884.608,-738.912
600,520.174993884328,-432.000513464122,880.692,-731.407
600,517.862163850853,-427.567589233295,876.777,-723.902
600,515.549333817378,-423.134665002467,872.861,-716.396
600,513.236503783903,-418.70174077164,868.945,-708.891
600,510.923673750428,-414.268816540813,865.029,-701.386
600,508.610843716953,-409.835892309986,861.113,-693.881
600,506.298013683478,-405.402968079158,857.198,-686.375
600,503.985183650003,-400.970043848331,853.282,-678.870
600,501.672353616527,-396.537119617504,849.366,-671.365
600,499.359523583052,-392.104195386676,845.450,-663.860
600,497.046693549577,-387.671271155849,841.535,-656.354
600,494.733863516102,-383.238346925022,837.619,-648.849
600,492.421033482627,-378.805422694195,833.703,-641.344
600,490.108203449152,-374.372498463367,829.787,-633.839
600,487.795373415677,-369.93957423254,825.871,-626.333
600,485.482543382202,-365.506650001713,821.956,-618.828
600,483.169713348727,-361.073725770885,818.040,-611.323
600,480.856883315252,-356.640801540058,814.124,-603.818
600,478.544053281776,-352.207877309231,810.208,-596.312
600,476.231223248301,-347.774953078404,806.292,-588.807
600,473.918393214826,-343.342028847576,802.377,-581.302
600,471.605563181351,-338.909104616749,798.461,-573.797
600,469.292733147876,-334.476180385922,794.545,-566.291
600,466.979903114401,-330.043256155095,790.629,-558.786
600,464.667073080926,-325.610331924267,786.714,-551.281
600,462.354243047451,-321.17740769344,782.798,-543.776
600,460.041413013976,-316.744483462613,778.882,-536.270
600,457.728582980501,-312.311559231786,774.966,-528.765
600,455.415752947025,-307.878635000958,771.050,-521.260
600,453.10292291355,-303.445710770131,767.135,-513.755
600,450.790092880075,-299.012786539304,763.219,-506.249
600,448.4772628466,-294.579862308476,759.303,-498.744
600,446.164432813125,-290.146938077649,755.387,-491.239
600,443.85160277965,-285.714013846822,751.472,-483.734
600,441.538772746175,-281.281089615995,747.556,-476.228
600,439.2259427127,-276.848165385167,743.640,-468.723
600,436.630574345196,-272.581097228236,739.246,-461.499
600,433.887292137762,-268.400857674051,734.601,-454.421
600,431.144009930328,-264.220618119866,729.957,-447.344
600,428.400727722894,-260.04037856568,725.312,-440.266
600,425.65744551546,-255.860139011495,720.668,-433.189
600,422.914163308025,-251.67989945731,716.023,-426.112
600,420.170881100591,-247.499659903124,711.378,-419.034
600,417.427598893157,-243.319420348939,706.734,-411.957
600,414.684316685723,-239.139180794754,702.089,-404.879
600,411.941034478289,-234.958941240568,697.445,-397.802
600,409.197752270855,-230.778701686383,692.800,-390.724
600,406.454470063421,-226.598462132198,688.156,-383.647
600,403.711187855987,-222.418222578012,683.511,-376.569
600,400.967905648553,-218.237983023827,678.866,-369.492
600,398.224623441119,-214.057743469642,674.222,-362.415
600,395.481341233685,-209.877503915456,669.577,-355.337
600,392.73805902625,-205.697264361271,664.933,-348.260
600,389.84154408358,-201.623717151348,660.029,-341.363
600,386.872884678493,-197.600402431295,655.003,-334.551
600,383.904225273406,-193.577087711243,649.976,-327.739
600,380.935565868319,-189.553772991191,644.950,-320.928
600,377.966906463232,-185.530458271139,639.924,-314.116
600,374.998247058145,-181.507143551087,634.898,-307.304
600,372.029587653058,-177.483828831035,629.872,-300.492
600,369.060928247971,-173.460514110983,624.846,-293.681
600,366.092268842884,-169.43719939093,619.820,-286.869
600,363.123609437797,-165.413884670878,614.793,-280.057
600,360.15495003271,-161.390569950826,609.767,-273.245
600,357.186290627622,-157.367255230774,604.741,-266.434
600,354.217631222535,-153.343940510722,599.715,-259.622
600,351.248971817448,-149.32062579067,594.689,-252.810
600,348.004635731543,-145.534523708693,589.196,-246.400
600,344.46910182561,-141.99898980276,583.210,-240.414
600,340.933567919677,-138.463455896828,577.224,-234.428
600,337.398034013745,-134.927921990895,571.238,-228.442
550,468.924297071056,-134.502229248617,793.921,-227.722
550,471.675863881725,-138.677020271701,798.580,-234.790
550,474.427430692394,-142.851811294785,803.239,-241.858
550,477.178997503063,-147.02660231787,807.897,-248.926
550,479.930564313733,-151.201393340954,812.556,-255.994
550,482.682131124402,-155.376184364038,817.214,-263.063
550,485.433697935071,-159.550975387122,821.873,-270.131
550,488.18526474574,-163.725766410206,826.531,-277.199
550,490.936831556409,-167.90055743329,831.190,-284.267
550,493.688398367078,-172.075348456375,835.849,-291.335
550,496.439965177747,-176.250139479459,840.507,-298.404
550,499.191531988416,-180.424930502543,845.166,-305.472
550,501.943098799085,-184.599721525627,849.824,-312.540
550,504.694665609755,-188.774512548711,854.483,-319.608
550,507.446232420424,-192.949303571795,859.142,-326.677
550,510.197799231093,-197.12409459488,863.800,-333.745
550,512.949366041762,-201.298885617964,868.459,-340.813
550,515.700932852431,-205.473676641048,873.117,-347.881
550,518.4524996631,-209.648467664132,877.776,-354.949
550,521.204066473769,-213.823258687216,882.435,-362.018
550,523.955633284438,-217.9980497103,887.093,-369.086
550,526.707200095108,-222.172840733385,891.752,-376.154
550,529.458766905777,-226.347631756469,896.410,-383.222
550,532.210333716446,-230.522422779553,901.069,-390.290
550,534.638747747083,-234.883611589003,905.180,-397.674
550,536.874815724583,-239.355747544002,908.966,-405.246
550,539.110883702083,-243.827883499002,912.752,-412.818
550,541.346951679582,-248.300019454002,916.538,-420.389
550,543.583019657082,-252.772155409001,920.324,-427.961
550,545.819087634582,-257.244291364001,924.110,-435.532
550,548.055155612082,-261.716427319,927.895,-443.104
550,550.291223589582,-266.188563274,931.681,-450.676
550,552.527291567081,-270.660699228999,935.467,-458.247
550,554.763359544581,-275.132835183999,939.253,-465.819
550,556.999427522081,-279.604971138999,943.039,-473.391
550,559.235495499581,-284.077107093998,946.824,-480.962
550,561.471563477081,-288.549243048998,950.610,-488.534
550,563.70763145458,-293.021379003997,954.396,-496.106
550,565.94369943208,-297.493514958997,958.182,-503.677
550,568.17976740958,-301.965650913997,961.968,-511.249
550,570.41583538708,-306.437786868996,965.754,-518.820
550,572.651903364579,-310.909922823996,969.539,-526.392
550,574.887971342079,-315.382058778995,973.325,-533.964
550,577.124039319579,-319.854194733995,977.111,-541.535
550,579.360107297079,-324.326330688994,980.897,-549.107
550,581.596175274579,-328.798466643994,984.683,-556.679
550,583.832243252078,-333.270602598994,988.468,-564.250
550,586.068311229578,-337.742738553993,992.254,-571.822
550,588.304379207078,-342.214874508993,996.040,-579.394
550,590.132107230182,-346.864552746064,999.135,-587.266
550,591.877652346046,-351.549963320228,1002.090,-595.198
550,593.623197461911,-356.235373894391,1005.045,-603.131
550,595.368742577776,-360.920784468554,1008.001,-611.064
550,597.114287693641,-365.606195042717,1010.956,-618.997
550,598.859832809505,-370.291605616881,1013.911,-626.929
550,600.60537792537,-374.977016191044,1016.867,-634.862
550,602.350923041235,-379.662426765207,1019.822,-642.795
550,604.096468157099,-384.34783733937,1022.777,-650.728
550,605.842013272964,-389.033247913534,1025.733,-658.660
550,607.587558388829,-393.718658487697,1028.688,-666.593
550,609.333103504694,-398.40406906186,1031.643,-674.526
550,611.078648620558,-403.089479636023,1034.599,-682.458
550,612.824193736423,-407.774890210187,1037.554,-690.391
550,614.569738852288,-412.46030078435,1040.509,-698.324
550,616.315283968153,-417.145711358513,1043.464,-706.257
550,618.060829084017,-421.831121932676,1046.420,-714.189
550,619.806374199882,-426.516532506839,1049.375,-722.122
550,621.551919315747,-431.201943081003,1052.330,-730.055
550,623.297464431612,-435.887353655166,1055.286,-737.987
550,625.043009547476,-440.572764229329,1058.241,-745.920
550,626.788554663341,-445.258174803492,1061.196,-753.853
550,628.534099779206,-449.943585377656,1064.152,-761.786
550,630.279644895071,-454.628995951819,1067.107,-769.718
550,631.655731449092,-459.429017138247,1069.437,-777.845
550,632.868409574274,-464.279729638974,1071.490,-786.058
550,634.081087699455,-469.130442139701,1073.543,-794.270
550,635.293765824637,-473.981154640427,1075.596,-802.483
550,636.506443949819,-478.831867141154,1077.650,-810.696
550,637.719122075,-483.682579641881,1079.703,-818.908
550,638.931800200182,-488.533292142607,1081.756,-827.121
550,640.144478325364,-493.384004643334,1083.809,-835.333
550,641.357156450545,-498.234717144061,1085.862,-843.546
550,642.569834575727,-503.085429644787,1087.915,-851.758
550,643.782512700909,-507.936142145514,1089.968,-859.971
550,644.99519082609,-512.78685464624,1092.022,-868.184
550,646.207868951272,-517.637567146967,1094.075,-876.396
550,647.420547076454,-522.488279647694,1096.128,-884.609
550,648.633225201635,-527.338992148421,1098.181,-892.821
550,649.845903326817,-532.189704649147,1100.234,-901.034
550,651.058581451999,-537.040417149874,1102.287,-909.247
550,652.27125957718,-541.8911296506,1104.340,-917.459
550,653.483937702362,-546.741842151327,1106.394,-925.672
550,654.696615827544,-551.592554652054,1108.447,-933.884
550,656.369430147901,-556.286001421707,1111.279,-941.831
550,658.379380458077,-560.864221572663,1114.682,-949.582
550,660.389330768253,-565.44244172362,1118.085,-957.333
550,662.399281078429,-570.020661874576,1121.488,-965.084
550,664.409231388605,-574.598882025533,1124.891,-972.836
550,666.419181698781,-579.177102176489,1128.294,-980.587
550,668.429132008957,-583.755322327446,1131.697,-988.338
550,670.439082319133,-588.333542478402,1135.100,-996.089
550,672.449032629309,-592.911762629358,1138.503,-1003.841
550,674.458982939484,-597.489982780315,1141.906,-1011.592
550,676.46893324966,-602.068202931271,1145.309,-1019.343
550,678.478883559837,-606.646423082228,1148.712,-1027.094
550,680.488833870013,-611.224643233184,1152.115,-1034.846
550,682.498784180189,-615.80286338414,1155.518,-1042.597
550,684.508734490365,-620.381083535097,1158.921,-1050.348
550,686.51868480054,-624.959303686053,1162.324,-1058.099
550,688.528635110716,-629.53752383701,1165.727,-1065.851
550,690.538585420892,-634.115743987966,1169.130,-1073.602
550,692.548535731068,-638.693964138923,1172.533,-1081.353
550,694.558486041244,-643.272184289879,1175.936,-1089.104
550,696.421501315528,-647.91106257844,1179.090,-1096.958
550,698.226471828316,-652.57390306981,1182.146,-1104.853
550,700.031442341105,-657.23674356118,1185.202,-1112.747
550,701.836412853894,-661.899584052551,1188.258,-1120.642
550,703.641383366682,-666.562424543921,1191.314,-1128.536
550,705.446353879471,-671.225265035292,1194.370,-1136.431
550,707.251324392259,-675.888105526662,1197.426,-1144.325
550,709.056294905048,-680.550946018033,1200.481,-1152.220
550,710.861265417836,-685.213786509403,1203.537,-1160.114
550,712.666235930625,-689.876627000774,1206.593,-1168.009
550,714.471206443413,-694.539467492144,1209.649,-1175.903
550,716.276176956202,-699.202307983515,1212.705,-1183.798
550,718.081147468991,-703.865148474885,1215.761,-1191.692
550,719.886117981779,-708.527988966255,1218.817,-1199.587
550,721.691088494568,-713.190829457626,1221.873,-1207.482
550,723.496059007356,-717.853669948996,1224.929,-1215.376
550,725.301029520145,-722.516510440367,1227.985,-1223.271
550,727.106000032933,-727.179350931737,1231.041,-1231.165
550,728.910970545722,-731.842191423108,1234.097,-1239.060
550,730.71594105851,-736.505031914478,1237.153,-1246.954
550,732.520911571299,-741.167872405849,1240.209,-1254.849
550,734.325882084088,-745.830712897219,1243.265,-1262.743
550,736.130852596876,-750.493553388589,1246.321,-1270.638
550,737.935823109665,-755.15639387996,1249.376,-1278.532
550,739.740793622453,-759.81923437133,1252.432,-1286.427
550,741.545764135242,-764.482074862701,1255.488,-1294.321
550,743.35073464803,-769.144915354071,1258.544,-1302.216
550,745.155705160819,-773.807755845442,1261.600,-1310.110
550,746.960675673608,-778.470596336812,1264.656,-1318.005
550,748.777560048511,-783.128748315944,1267.732,-1325.891
550,750.634513430282,-787.77113177037,1270.876,-1333.751
550,752.491466812052,-792.413515224796,1274.020,-1341.611
550,754.348420193823,-797.055898679222,1277.164,-1349.471
550,756.205373575593,-801.698282133649,1280.308,-1357.331
550,758.062326957364,-806.340665588075,1283.452,-1365.191
550,759.919280339134,-810.983049042501,1286.596,-1373.051
550,761.776233720905,-815.625432496928,1289.740,-1380.910
550,763.633187102675,-820.267815951354,1292.884,-1388.770
550,765.490140484446,-824.91019940578,1296.028,-1396.630
550,767.347093866216,-829.552582860206,1299.172,-1404.490
550,769.204047247987,-834.194966314633,1302.316,-1412.350
550,771.061000629758,-838.837349769059,1305.460,-1420.210
550,772.917954011528,-843.479733223485,1308.604,-1428.070
550,774.774907393299,-848.122116677912,1311.748,-1435.930
550,776.631860775069,-852.764500132338,1314.892,-1443.789
550,778.48881415684,-857.406883586764,1318.036,-1451.649
550,780.34576753861,-862.049267041191,1321.179,-1459.509
550,782.202720920381,-866.691650495617,1324.323,-1467.369
550,784.059674302151,-871.334033950043,1327.467,-1475.229
550,785.916627683922,-875.976417404469,1330.611,-1483.089
550,787.773581065692,-880.618800858896,1333.755,-1490.949
550,789.630534447463,-885.261184313322,1336.899,-1498.809
550,791.487487829233,-889.903567767748,1340.043,-1506.668
550,793.148803748367,-894.610903795833,1342.856,-1514.638
550,794.437117001168,-899.44207849384,1345.037,-1522.818
550,795.72543025397,-904.273253191846,1347.218,-1530.997
550,797.013743506771,-909.104427889852,1349.400,-1539.177
550,798.302056759573,-913.935602587858,1351.581,-1547.356
550,799.590370012375,-918.766777285864,1353.762,-1555.536
550,800.878683265177,-923.597951983871,1355.943,-1563.715
550,802.166996517978,-928.429126681877,1358.124,-1571.895
550,803.45530977078,-933.260301379883,1360.306,-1580.074
550,804.743623023581,-938.091476077889,1362.487,-1588.254
550,806.031936276383,-942.922650775896,1364.668,-1596.433
550,807.320249529185,-947.753825473902,1366.849,-1604.613
550,808.608562781986,-952.585000171908,1369.030,-1612.792
550,809.896876034788,-957.416174869914,1371.212,-1620.972
550,811.19594083449,-962.244460101387,1373.411,-1629.147
550,812.503018213132,-967.070591960987,1375.624,-1637.318
550,813.810095591773,-971.896723820587,1377.837,-1645.489
550,815.117172970415,-976.722855680187,1380.050,-1653.659
550,816.424250349056,-981.548987539786,1382.263,-1661.830
550,817.731327727698,-986.375119399386,1384.476,-1670.001
550,819.038405106339,-991.201251258986,1386.689,-1678.172
550,820.345482484981,-996.027383118585,1388.902,-1686.343
550,821.652559863623,-1000.85351497819,1391.115,-1694.514
550,822.959637242264,-1005.67964683778,1393.328,-1702.685
550,824.266714620906,-1010.50577869738,1395.541,-1710.856
550,825.573791999548,-1015.33191055698,1397.754,-1719.027
550,826.880869378189,-1020.15804241658,1399.967,-1727.198
550,828.187946756831,-1024.98417427618,1402.180,-1735.369
550,829.495024135472,-1029.81030613578,1404.393,-1743.540
550,830.802101514114,-1034.63643799538,1406.606,-1751.711
550,832.109178892755,-1039.46256985498,1408.819,-1759.882
550,833.416256271397,-1044.28870171458,1411.031,-1768.053
550,834.723333650039,-1049.11483357418,1413.244,-1776.224
550,836.03041102868,-1053.94096543378,1415.457,-1784.395
550,837.337488407322,-1058.76709729338,1417.670,-1792.566
550,838.644565785964,-1063.59322915298,1419.883,-1800.737
550,839.919700743689,-1068.42779306207,1422.042,-1808.922
550,841.164905942742,-1073.27025772506,1424.150,-1817.121
550,842.410111141795,-1078.11272238804,1426.259,-1825.320
550,843.655316340848,-1082.95518705103,1428.367,-1833.518
550,844.900521539901,-1087.79765171401,1430.475,-1841.717
550,846.145726738954,-1092.64011637699,1432.583,-1849.915
550,847.390931938007,-1097.48258103998,1434.692,-1858.114
550,848.63613713706,-1102.32504570296,1436.800,-1866.313
550,849.881342336113,-1107.16751036595,1438.908,-1874.511
550,851.126547535166,-1112.00997502893,1441.016,-1882.710
550,852.371752734219,-1116.85243969192,1443.124,-1890.909
550,853.616957933272,-1121.6949043549,1445.233,-1899.107
550,854.862163132326,-1126.53736901788,1447.341,-1907.306
550,856.107368331379,-1131.37983368087,1449.449,-1915.504
550,857.352573530432,-1136.22229834385,1451.557,-1923.703
550,858.597778729485,-1141.06476300684,1453.666,-1931.902
550,859.842983928538,-1145.90722766982,1455.774,-1940.100
550,861.088189127591,-1150.74969233281,1457.882,-1948.299
550,862.333394326644,-1155.59215699579,1459.990,-1956.498
550,863.578599525697,-1160.43462165877,1462.098,-1964.696
550,864.82380472475,-1165.27708632176,1464.207,-1972.895
550,866.069009923803,-1170.11955098474,1466.315,-1981.093
550,867.314215122856,-1174.96201564773,1468.423,-1989.292
550,868.559420321909,-1179.80448031071,1470.531,-1997.491
550,869.804625520963,-1184.6469449737,1472.640,-2005.689
550,871.049830720016,-1189.48940963668,1474.748,-2013.888
550,872.295035919069,-1194.33187429966,1476.856,-2022.087
550,873.540241118122,-1199.17433896265,1478.964,-2030.285
550,874.785446317175,-1204.01680362563,1481.072,-2038.484
550,876.030651516228,-1208.85926828862,1483.181,-2046.683
550,877.275856715281,-1213.7017329516,1485.289,-2054.881
550,878.521061914334,-1218.54419761458,1487.397,-2063.080
550,879.766267113387,-1223.38666227757,1489.505,-2071.278
550,881.01147231244,-1228.22912694055,1491.613,-2079.477
550,882.256677511493,-1233.07159160354,1493.722,-2087.676
550,883.501882710546,-1237.91405626652,1495.830,-2095.874
550,884.747087909599,-1242.75652092951,1497.938,-2104.073
550,885.992293108653,-1247.59898559249,1500.046,-2112.272
550,887.237498307706,-1252.44145025547,1502.155,-2120.470
550,888.482703506759,-1257.28391491846,1504.263,-2128.669
550,889.727908705812,-1262.12637958144,1506.371,-2136.867
550,890.973113904865,-1266.96884424443,1508.479,-2145.066
550,892.218319103918,-1271.81130890741,1510.587,-2153.265
550,893.463524302971,-1276.6537735704,1512.696,-2161.463
550,894.708729502024,-1281.49623823338,1514.804,-2169.662
550,895.953934701077,-1286.33870289636,1516.912,-2177.861
550,897.19913990013,-1291.18116755935,1519.020,-2186.059
550,898.444345099183,-1296.02363222233,1521.129,-2194.258
550,899.675566041736,-1300.86964285072,1523.213,-2202.462
550,900.888244166918,-1305.72035535145,1525.266,-2210.675
550,902.100922292099,-1310.57106785217,1527.319,-2218.888
550,903.313600417281,-1315.4217803529,1529.373,-2227.100
550,904.526278542462,-1320.27249285363,1531.426,-2235.313
550,905.738956667644,-1325.12320535435,1533.479,-2243.525
550,906.951634792826,-1329.97391785508,1535.532,-2251.738
550,908.164312918008,-1334.82463035581,1537.585,-2259.951
550,909.376991043189,-1339.67534285653,1539.638,-2268.163
550,910.589669168371,-1344.52605535726,1541.691,-2276.376
550,911.802347293553,-1349.37676785799,1543.745,-2284.588
550,913.015025418734,-1354.22748035871,1545.798,-2292.801
550,914.227703543916,-1359.07819285944,1547.851,-2301.014
550,915.916261271682,-1363.76859312009,1550.710,-2308.955
550,917.885857764578,-1368.36431827018,1554.044,-2316.736
550,919.855454257474,-1372.96004342027,1557.379,-2324.517
500,566.502213964869,-134.502229248617,959.128,-227.722
500,568.896474618272,-138.891707113189,963.181,-235.153
500,571.290735271675,-143.281184977761,967.235,-242.585
500,573.684995925078,-147.670662842333,971.288,-250.017
500,576.079256578481,-152.060140706905,975.342,-257.448
500,578.473517231884,-156.449618571477,979.396,-264.880
500,580.867777885287,-160.839096436049,983.449,-272.312
500,583.26203853869,-165.228574300621,987.503,-279.743
500,585.656299192092,-169.618052165193,991.557,-287.175
500,588.050559845495,-174.007530029765,995.610,-294.607
500,590.444820498898,-178.397007894337,999.664,-302.038
500,592.839081152301,-182.786485758908,1003.718,-309.470
500,595.233341805704,-187.17596362348,1007.771,-316.902
500,597.627602459107,-191.565441488052,1011.825,-324.334
500,600.02186311251,-195.954919352624,1015.879,-331.765
500,602.416123765913,-200.344397217196,1019.932,-339.197
500,604.810384419315,-204.733875081768,1023.986,-346.629
500,607.085565511483,-209.182170757962,1027.838,-354.160
500,609.116257841751,-213.751228501063,1031.276,-361.896
500,611.146950172018,-218.320286244164,1034.714,-369.631
500,613.177642502285,-222.889343987266,1038.152,-377.367
500,615.208334832552,-227.458401730367,1041.590,-385.103
500,617.239027162819,-232.027459473468,1045.028,-392.839
500,619.269719493087,-236.59651721657,1048.467,-400.574
500,621.300411823354,-241.165574959671,1051.905,-408.310
500,623.331104153621,-245.734632702772,1055.343,-416.046
500,625.361796483888,-250.303690445874,1058.781,-423.781
500,627.392488814156,-254.872748188975,1062.219,-431.517
500,629.423181144423,-259.441805932076,1065.657,-439.253
500,631.45387347469,-264.010863675177,1069.095,-446.989
500,633.327190907238,-268.636134446579,1072.267,-454.820
500,634.650775816144,-273.457765186164,1074.508,-462.983
500,635.97436072505,-278.27939592575,1076.749,-471.146
500,637.297945633956,-283.101026665336,1078.990,-479.310
500,638.621530542862,-287.922657404921,1081.231,-487.473
500,639.945115451767,-292.744288144507,1083.471,-495.636
500,641.268700360673,-297.565918884092,1085.712,-503.800
500,642.592285269579,-302.387549623678,1087.953,-511.963
500,643.915870178485,-307.209180363264,1090.194,-520.126
500,645.239455087391,-312.030811102849,1092.435,-528.290
500,646.563039996297,-316.852441842435,1094.676,-536.453
500,647.886624905203,-321.67407258202,1096.917,-544.616
500,649.210209814108,-326.495703321606,1099.158,-552.780
500,650.533794723014,-331.317334061192,1101.399,-560.943
500,651.85737963192,-336.138964800777,1103.640,-569.107
500,653.180964540826,-340.960595540363,1105.881,-577.270
500,654.504549449732,-345.782226279948,1108.122,-585.433
500,655.828134358638,-350.603857019534,1110.362,-593.597
500,657.151719267544,-355.42548775912,1112.603,-601.760
500,658.475304176449,-360.247118498705,1114.844,-609.923
500,659.798889085355,-365.068749238291,1117.085,-618.087
500,661.122473994261,-369.890379977876,1119.326,-626.250
500,662.446058903167,-374.712010717462,1121.567,-634.413
500,663.769643812073,-379.533641457047,1123.808,-642.577
500,665.327729188707,-384.282736569626,1126.446,-650.617
500,666.957682605304,-389.009601477757,1129.206,-658.620
500,668.587636021901,-393.736466385888,1131.965,-666.623
500,670.217589438498,-398.46333129402,1134.725,-674.626
500,671.847542855095,-403.190196202151,1137.484,-682.629
500,673.477496271692,-407.917061110283,1140.244,-690.632
500,675.107449688289,-412.643926018414,1143.004,-698.635
500,676.737403104886,-417.370790926545,1145.763,-706.638
500,678.367356521483,-422.097655834677,1148.523,-714.641
500,679.99730993808,-426.824520742808,1151.283,-722.643
500,681.627263354677,-431.551385650939,1154.042,-730.646
500,683.257216771274,-436.278250559071,1156.802,-738.649
500,684.887170187871,-441.005115467202,1159.561,-746.652
500,686.517123604468,-445.731980375333,1162.321,-754.655
500,688.147077021065,-450.458845283465,1165.081,-762.658
500,689.777030437662,-455.185710191596,1167.840,-770.661
500,691.406983854259,-459.912575099728,1170.600,-778.664
500,693.036937270856,-464.639440007859,1173.360,-786.667
500,694.666890687453,-469.36630491599,1176.119,-794.670
500,696.29684410405,-474.093169824122,1178.879,-802.673
500,697.926797520647,-478.820034732253,1181.638,-810.676
500,699.556750937244,-483.546899640384,1184.398,-818.678
500,701.186704353841,-488.273764548516,1187.158,-826.681
500,702.816657770438,-493.000629456647,1189.917,-834.684
500,704.446611187036,-497.727494364778,1192.677,-842.687
500,706.076564603633,-502.45435927291,1195.437,-850.690
500,707.70651802023,-507.181224181041,1198.196,-858.693
500,709.348544547614,-511.903894748992,1200.976,-866.689
500,711.000296671255,-516.623186530822,1203.773,-874.679
500,712.652048794895,-521.342478312652,1206.569,-882.669
500,714.303800918536,-526.061770094482,1209.366,-890.659
500,715.955553042176,-530.781061876312,1212.162,-898.649
500,717.607305165817,-535.500353658142,1214.959,-906.639
500,719.259057289457,-540.219645439972,1217.755,-914.629
500,720.910809413098,-544.938937221802,1220.552,-922.619
500,722.562561536738,-549.658229003632,1223.348,-930.609
500,724.214313660379,-554.377520785462,1226.145,-938.600
500,725.866065784019,-559.096812567292,1228.942,-946.590
500,727.51781790766,-563.816104349123,1231.738,-954.580
500,729.1695700313,-568.535396130953,1234.535,-962.570
500,730.821322154941,-573.254687912783,1237.331,-970.560
500,732.473074278581,-577.973979694613,1240.128,-978.550
500,734.124826402222,-582.693271476443,1242.924,-986.540
500,735.776578525863,-587.412563258273,1245.721,-994.530
500,737.428330649503,-592.131855040103,1248.517,-1002.520
500,739.080082773144,-596.851146821933,1251.314,-1010.510
500,740.731834896784,-601.570438603763,1254.110,-1018.500
500,742.383587020425,-606.289730385593,1256.907,-1026.491
500,744.035339144065,-611.009022167423,1259.703,-1034.481
500,745.687091267706,-615.728313949254,1262.500,-1042.471
500,747.338843391346,-620.447605731084,1265.296,-1050.461
500,748.990595514987,-625.166897512914,1268.093,-1058.451
500,750.642347638627,-629.886189294744,1270.890,-1066.441
500,752.294099762268,-634.605481076574,1273.686,-1074.431
500,753.945851885908,-639.324772858404,1276.483,-1082.421
500,755.82650914494,-643.945611844782,1279.667,-1090.245
500,758.116292093311,-648.390484626915,1283.543,-1097.770
500,760.406075041683,-652.835357409048,1287.420,-1105.296
500,762.695857990054,-657.280230191181,1291.297,-1112.821
500,764.985640938426,-661.725102973314,1295.174,-1120.346
500,767.275423886797,-666.169975755447,1299.050,-1127.872
500,769.565206835169,-670.61484853758,1302.927,-1135.397
500,771.85498978354,-675.059721319713,1306.804,-1142.923
500,774.144772731912,-679.504594101846,1310.681,-1150.448
500,776.434555680284,-683.949466883979,1314.558,-1157.974
500,778.724338628655,-688.394339666112,1318.434,-1165.499
500,781.014121577027,-692.839212448245,1322.311,-1173.025
500,783.303904525398,-697.284085230378,1326.188,-1180.550
500,785.59368747377,-701.728958012511,1330.065,-1188.076
500,787.883470422141,-706.173830794644,1333.941,-1195.601
500,790.173253370513,-710.618703576777,1337.818,-1203.127
500,792.463036318884,-715.06357635891,1341.695,-1210.652
500,794.365834372349,-719.68503977315,1344.916,-1218.477
500,796.222787754119,-724.327423227576,1348.060,-1226.337
500,798.07974113589,-728.969806682002,1351.204,-1234.196
500,799.93669451766,-733.612190136428,1354.348,-1242.056
500,801.793647899431,-738.254573590855,1357.492,-1249.916
500,803.650601281201,-742.896957045281,1360.636,-1257.776
500,805.507554662972,-747.539340499707,1363.780,-1265.636
500,807.364508044742,-752.181723954134,1366.924,-1273.496
500,809.221461426513,-756.82410740856,1370.068,-1281.356
500,811.078414808283,-761.466490862986,1373.212,-1289.216
500,812.935368190054,-766.108874317413,1376.356,-1297.075
500,814.792321571825,-770.751257771839,1379.500,-1304.935
500,816.649274953595,-775.393641226265,1382.644,-1312.795
500,818.506228335366,-780.036024680691,1385.788,-1320.655
500,820.363181717136,-784.678408135118,1388.932,-1328.515
500,822.220135098907,-789.320791589544,1392.076,-1336.375
500,824.077088480677,-793.96317504397,1395.220,-1344.235
500,825.934041862448,-798.605558498397,1398.364,-1352.095
500,827.790995244218,-803.247941952823,1401.508,-1359.954
500,829.647948625989,-807.890325407249,1404.651,-1367.814
500,831.504902007759,-812.532708861675,1407.795,-1375.674
500,833.36185538953,-817.175092316102,1410.939,-1383.534
500,835.2188087713,-821.817475770528,1414.083,-1391.394
500,837.071827596529,-826.461224049682,1417.221,-1399.256
500,838.488558301616,-831.256312589976,1419.619,-1407.375
500,839.905289006703,-836.051401130271,1422.018,-1415.493
500,841.32201971179,-840.846489670565,1424.416,-1423.611
500,842.738750416877,-845.64157821086,1426.815,-1431.730
500,844.155481121964,-850.436666751154,1429.214,-1439.848
500,845.572211827051,-855.231755291449,1431.612,-1447.967
500,846.988942532138,-860.026843831743,1434.011,-1456.085
500,848.405673237225,-864.821932372038,1436.410,-1464.203
500,849.822403942312,-869.617020912332,1438.808,-1472.322
500,851.239134647399,-874.412109452627,1441.207,-1480.440
500,852.655865352486,-879.207197992921,1443.605,-1488.559
500,854.072596057573,-884.002286533216,1446.004,-1496.677
500,855.48932676266,-888.79737507351,1448.403,-1504.796
500,856.906057467747,-893.592463613805,1450.801,-1512.914
500,858.322788172834,-898.387552154099,1453.200,-1521.032
500,859.739518877921,-903.182640694394,1455.599,-1529.151
500,861.156249583008,-907.977729234688,1457.997,-1537.269
500,862.572980288095,-912.772817774983,1460.396,-1545.388
500,863.989710993182,-917.567906315277,1462.794,-1553.506
500,865.406441698269,-922.362994855572,1465.193,-1561.624
500,866.84309684474,-927.15212824284,1467.625,-1569.733
500,868.290044351121,-931.938185379334,1470.075,-1577.836
500,869.736991857503,-936.724242515827,1472.525,-1585.939
500,871.183939363885,-941.51029965232,1474.975,-1594.042
500,872.630886870266,-946.296356788813,1477.425,-1602.145
500,874.077834376648,-951.082413925306,1479.874,-1610.248
500,875.524781883029,-955.868471061799,1482.324,-1618.352
500,876.971729389411,-960.654528198292,1484.774,-1626.455
500,878.418676895793,-965.440585334785,1487.224,-1634.558
500,879.865624402174,-970.226642471278,1489.673,-1642.661
500,881.312571908556,-975.012699607771,1492.123,-1650.764
500,882.759519414937,-979.798756744264,1494.573,-1658.867
500,884.206466921319,-984.584813880757,1497.023,-1666.970
500,885.653414427701,-989.37087101725,1499.473,-1675.073
500,887.100361934082,-994.156928153743,1501.922,-1683.177
500,888.547309440464,-998.942985290236,1504.372,-1691.280
500,889.994256946846,-1003.72904242673,1506.822,-1699.383
500,891.441204453227,-1008.51509956322,1509.272,-1707.486
500,892.888151959609,-1013.30115669972,1511.722,-1715.589
500,894.33509946599,-1018.08721383621,1514.171,-1723.692
500,895.963282957586,-1022.81329730559,1516.928,-1731.694
500,897.65688029895,-1027.51773436494,1519.795,-1739.659
500,899.350477640313,-1032.22217142428,1522.663,-1747.624
500,901.044074981677,-1036.92660848362,1525.530,-1755.589
500,902.737672323041,-1041.63104554297,1528.397,-1763.554
500,904.431269664405,-1046.33548260231,1531.265,-1771.518
500,906.124867005768,-1051.03991966166,1534.132,-1779.483
500,907.818464347132,-1055.744356721,1537.000,-1787.448
500,909.512061688496,-1060.44879378034,1539.867,-1795.413
500,911.205659029859,-1065.15323083969,1542.734,-1803.378
500,912.899256371223,-1069.85766789903,1545.602,-1811.343
500,914.592853712587,-1074.56210495837,1548.469,-1819.308
500,917.057250140233,-1078.90819730875,1552.641,-1826.666
500,919.562431492942,-1083.23532873616,1556.883,-1833.992
500,922.06761284565,-1087.56246016356,1561.124,-1841.319
500,924.572794198359,-1091.88959159097,1565.366,-1848.645
500,927.077975551067,-1096.21672301837,1569.607,-1855.971
500,929.583156903776,-1100.54385444578,1573.849,-1863.297
500,932.088338256484,-1104.87098587318,1578.090,-1870.623
500,934.593519609193,-1109.19811730059,1582.332,-1877.949
500,937.098700961901,-1113.525248728,1586.573,-1885.275
500,940.118692495471,-1116.76006290987,1591.686,-1890.752
500,945.050662114632,-1115.93806797334,1600.036,-1889.360
500,949.982631733793,-1115.11607303682,1608.386,-1887.969
500,952.936263280224,-1112.20692085047,1613.387,-1883.043
500,954.020915569318,-1107.32598554955,1615.224,-1874.780
500,955.105567858411,-1102.44505024863,1617.060,-1866.516
500,956.190220147504,-1097.56411494771,1618.896,-1858.252
500,957.077463169311,-1092.64898564742,1620.398,-1849.930
500,957.697636842257,-1087.68759626386,1621.448,-1841.530
500,958.317810515203,-1082.72620688029,1622.498,-1833.131
500,958.937984188149,-1077.76481749672,1623.548,-1824.731
500,959.558157861095,-1072.80342811315,1624.598,-1816.331
500,960.178331534041,-1067.84203872958,1625.648,-1807.931
500,960.798505206988,-1062.88064934601,1626.698,-1799.531
500,961.327174187942,-1057.9109360028,1627.594,-1791.117
500,961.612423140635,-1052.91907933068,1628.076,-1782.665
500,961.897672093327,-1047.92722265856,1628.559,-1774.213
500,962.18292104602,-1042.93536598644,1629.042,-1765.762
500,962.468169998712,-1037.94350931432,1629.525,-1757.310
500,962.753418951405,-1032.9516526422,1630.008,-1748.859
500,963.038667904097,-1027.95979597008,1630.491,-1740.407
500,963.32391685679,-1022.96793929796,1630.974,-1731.956
500,963.609165809483,-1017.97608262584,1631.457,-1723.504
500,963.894414762175,-1012.98422595372,1631.940,-1715.053
500,964.179663714868,-1007.9923692816,1632.423,-1706.601
500,964.46491266756,-1003.00051260948,1632.906,-1698.149
500,964.750161620253,-998.008655937365,1633.389,-1689.698
500,965.035410572945,-993.016799265245,1633.872,-1681.246
500,965.320659525638,-988.024942593125,1634.355,-1672.795
500,965.605908478331,-983.033085921005,1634.838,-1664.343
500,964.998541635856,-978.100926058762,1633.809,-1655.993
500,964.05111031235,-973.191509200596,1632.205,-1647.681
500,963.103678988844,-968.28209234243,1630.601,-1639.369
500,962.156247665339,-963.372675484265,1628.997,-1631.057
500,961.208816341833,-958.463258626099,1627.393,-1622.745
500,960.261385018327,-953.553841767934,1625.789,-1614.433
500,959.313953694822,-948.644424909768,1624.185,-1606.121
500,958.366522371316,-943.735008051603,1622.581,-1597.809
500,957.419091047811,-938.825591193437,1620.977,-1589.497
500,956.471659724305,-933.916174335271,1619.373,-1581.185
500,955.524228400799,-929.006757477106,1617.769,-1572.873
500,954.576797077294,-924.09734061894,1616.165,-1564.561
500,953.629365753788,-919.187923760775,1614.561,-1556.249
500,952.681934430282,-914.278506902609,1612.957,-1547.937
500,951.734503106777,-909.369090044444,1611.352,-1539.625
500,950.787071783271,-904.459673186278,1609.748,-1531.313
500,949.839640459765,-899.550256328112,1608.144,-1523.001
500,948.89220913626,-894.640839469947,1606.540,-1514.689
500,947.944777812754,-889.731422611781,1604.936,-1506.377
500,946.997346489248,-884.822005753616,1603.332,-1498.065
500,946.049915165743,-879.91258889545,1601.728,-1489.753
500,945.102483842237,-875.003172037285,1600.124,-1481.441
500,944.155052518732,-870.093755179119,1598.520,-1473.129
500,943.207621195226,-865.184338320953,1596.916,-1464.817
500,942.26018987172,-860.274921462788,1595.312,-1456.505
500,941.312758548215,-855.365504604622,1593.708,-1448.193
500,940.523316156268,-850.42828364334,1592.371,-1439.834
500,939.737740912592,-845.490382111665,1591.041,-1431.474
500,938.952165668916,-840.552480579989,1589.711,-1423.114
500,938.166590425241,-835.614579048313,1588.381,-1414.753
500,937.381015181565,-830.676677516638,1587.051,-1406.393
500,936.595439937889,-825.738775984962,1585.721,-1398.033
500,935.809864694214,-820.800874453287,1584.391,-1389.673
500,935.024289450538,-815.862972921611,1583.061,-1381.313
500,934.238714206862,-810.925071389936,1581.731,-1372.952
500,933.453138963187,-805.98716985826,1580.401,-1364.592
500,932.667563719511,-801.049268326584,1579.071,-1356.232
500,931.881988475835,-796.111366794909,1577.741,-1347.872
500,931.09641323216,-791.173465263233,1576.411,-1339.512
500,930.310837988484,-786.235563731558,1575.081,-1331.151
500,929.525262744808,-781.297662199882,1573.751,-1322.791
500,928.739687501133,-776.359760668206,1572.421,-1314.431
500,927.954112257457,-771.421859136531,1571.091,-1306.071
500,927.168537013781,-766.483957604855,1569.761,-1297.710
500,926.382961770106,-761.54605607318,1568.431,-1289.350
500,925.72727955434,-756.595507623201,1567.320,-1280.969
500,925.545581463805,-751.598810133469,1567.013,-1272.509
500,925.363883373269,-746.602112643737,1566.705,-1264.049
500,925.182185282733,-741.605415154005,1566.398,-1255.589
500,925.000487192198,-736.608717664273,1566.090,-1247.130
500,924.818789101662,-731.61202017454,1565.782,-1238.670
500,924.637091011126,-726.615322684808,1565.475,-1230.210
500,924.45539292059,-721.618625195076,1565.167,-1221.750
500,924.273694830055,-716.621927705344,1564.859,-1213.291
500,924.091996739519,-711.625230215612,1564.552,-1204.831
500,923.910298648983,-706.62853272588,1564.244,-1196.371
500,923.728600558448,-701.631835236147,1563.937,-1187.911
500,923.546902467912,-696.635137746415,1563.629,-1179.452
500,923.365204377376,-691.638440256683,1563.321,-1170.992
500,923.183506286841,-686.641742766951,1563.014,-1162.532
500,923.001808196305,-681.645045277219,1562.706,-1154.072
500,922.820110105769,-676.648347787487,1562.398,-1145.613
500,922.638412015233,-671.651650297754,1562.091,-1137.153
500,922.456713924698,-666.654952808022,1561.783,-1128.693
500,922.275015834162,-661.65825531829,1561.476,-1120.233
500,922.093317743626,-656.661557828558,1561.168,-1111.774
500,921.911619653091,-651.664860338826,1560.860,-1103.314
500,921.729921562555,-646.668162849094,1560.553,-1094.854
500,921.548223472019,-641.671465359361,1560.245,-1086.394
500,921.366525381483,-636.674767869629,1559.937,-1077.935
500,921.158768780903,-631.679102556769,1559.586,-1069.477
500,920.944679588942,-626.683688077681,1559.223,-1061.019
500,920.730590396981,-621.688273598593,1558.861,-1052.561
500,920.516501205021,-616.692859119504,1558.498,-1044.104
500,920.30241201306,-611.697444640416,1558.136,-1035.646
500,920.088322821099,-606.702030161327,1557.773,-1027.189
500,919.874233629138,-601.706615682239,1557.411,-1018.731
500,919.660144437177,-596.711201203151,1557.048,-1010.273
500,919.446055245216,-591.715786724062,1556.686,-1001.816
500,919.231966053255,-586.720372244974,1556.323,-993.358
500,919.017876861294,-581.724957765886,1555.961,-984.901
500,918.803787669333,-576.729543286797,1555.598,-976.443
500,918.589698477372,-571.734128807709,1555.236,-967.986
500,918.375609285411,-566.738714328621,1554.874,-959.528
500,918.16152009345,-561.743299849532,1554.511,-951.070
500,917.947430901489,-556.747885370444,1554.149,-942.613
500,917.733341709528,-551.752470891356,1553.786,-934.155
500,917.519252517567,-546.757056412267,1553.424,-925.698
500,917.305163325607,-541.761641933179,1553.061,-917.240
500,917.091074133646,-536.766227454091,1552.699,-908.782
500,916.876984941685,-531.770812975002,1552.336,-900.325
500,916.662895749724,-526.775398495914,1551.974,-891.867
500,916.448806557763,-521.779984016826,1551.611,-883.410
500,916.234717365802,-516.784569537737,1551.249,-874.952
500,916.020628173841,-511.789155058649,1550.886,-866.495
500,915.80653898188,-506.793740579561,1550.524,-858.037
500,915.592449789919,-501.798326100472,1550.161,-849.579
500,915.378360597958,-496.802911621384,1549.799,-841.122
500,915.164271405997,-491.807497142295,1549.437,-832.664
500,914.950182214036,-486.812082663207,1549.074,-824.207
500,914.736093022075,-481.816668184119,1548.712,-815.749
500,914.677962881432,-476.817913258534,1548.613,-807.286
500,914.677962881432,-471.817913258534,1548.613,-798.820
500,914.677962881432,-466.817913258534,1548.613,-790.355
500,914.677962881432,-461.817913258534,1548.613,-781.890
500,914.677962881432,-456.817913258534,1548.613,-773.424
500,914.677962881432,-451.817913258534,1548.613,-764.959
500,914.677962881432,-446.817913258534,1548.613,-756.494
500,914.677962881432,-441.817913258534,1548.613,-748.028
500,914.677962881432,-436.817913258534,1548.613,-739.563
500,914.677962881432,-431.817913258534,1548.613,-731.098
500,914.677962881432,-426.817913258534,1548.613,-722.632
500,914.677962881432,-421.817913258534,1548.613,-714.167
500,914.677962881432,-416.817913258534,1548.613,-705.702
500,914.677962881432,-411.817913258534,1548.613,-697.236
500,914.677962881432,-406.817913258534,1548.613,-688.771
500,914.39334612445,-401.858279182485,1548.131,-680.374
500,913.003055741745,-397.055457860412,1545.777,-672.242
500,911.612765359039,-392.252636538339,1543.424,-664.111
500,910.222474976334,-387.449815216266,1541.070,-655.979
500,908.832184593629,-382.646993894194,1538.716,-647.848
500,907.441894210923,-377.844172572121,1536.362,-639.716
500,906.051603828218,-373.041351250048,1534.008,-631.585
500,904.661313445513,-368.238529927975,1531.654,-623.453
500,903.271023062808,-363.435708605902,1529.300,-615.322
500,901.880732680102,-358.63288728383,1526.947,-607.190
500,900.490442297397,-353.830065961757,1524.593,-599.059
500,899.100151914692,-349.027244639684,1522.239,-590.927
500,897.709861531986,-344.224423317611,1519.885,-582.796
500,896.319571149281,-339.421601995538,1517.531,-574.664
500,894.929280766576,-334.618780673466,1515.177,-566.533
500,893.538990383871,-329.815959351393,1512.823,-558.401
500,892.148700001165,-325.01313802932,1510.470,-550.270
500,890.75840961846,-320.210316707247,1508.116,-542.138
500,889.590335150297,-315.351473889271,1506.138,-533.912
500,888.537554770572,-310.463564983403,1504.356,-525.636
500,887.484774390846,-305.575656077535,1502.573,-517.361
500,886.431994011121,-300.687747171666,1500.791,-509.085
500,885.379213631395,-295.799838265798,1499.008,-500.810
500,884.32643325167,-290.91192935993,1497.226,-492.534
500,883.273652871944,-286.024020454062,1495.444,-484.258
500,882.220872492219,-281.136111548194,1493.661,-475.983
500,881.168092112494,-276.248202642326,1491.879,-467.707
500,880.115311732768,-271.360293736458,1490.096,-459.432
500,879.062531353043,-266.472384830589,1488.314,-451.156
500,878.009750973317,-261.584475924721,1486.531,-442.881
500,876.956970593592,-256.696567018853,1484.749,-434.605
500,875.904190213866,-251.808658112985,1482.967,-426.330
500,874.851409834141,-246.920749207117,1481.184,-418.054
500,873.798629454416,-242.032840301249,1479.402,-409.778
500,872.74584907469,-237.144931395381,1477.619,-401.503
500,871.693068694965,-232.257022489512,1475.837,-393.227
500,870.640288315239,-227.369113583644,1474.054,-384.952
500,869.587507935514,-222.481204677776,1472.272,-376.676
500,868.534727555788,-217.593295771908,1470.489,-368.401
500,867.481947176063,-212.70538686604,1468.707,-360.125
500,866.429166796337,-207.817477960172,1466.925,-351.849
500,865.376386416612,-202.929569054303,1465.142,-343.574
500,864.323606036886,-198.041660148435,1463.360,-335.298
500,863.270825657161,-193.153751242567,1461.577,-327.023
500,862.218045277436,-188.265842336699,1459.795,-318.747
500,861.16526489771,-183.377933430831,1458.012,-310.472
500,860.112484517985,-178.490024524963,1456.230,-302.196
500,859.143520309079,-173.58846894282,1454.590,-293.897
500,858.591362678705,-168.619050269452,1453.655,-285.484
500,858.03920504833,-163.649631596084,1452.720,-277.070
500,857.487047417956,-158.680212922715,1451.785,-268.657
500,856.934889787582,-153.710794249347,1450.850,-260.243
500,856.382732157208,-148.741375575979,1449.915,-251.829
500,855.830574526834,-143.771956902611,1448.980,-243.416
500,855.278416896459,-138.802538229243,1448.046,-235.002
450,652.991731211659,-136.719909178022,1105.560,-231.476
450,654.914808134736,-141.335293793407,1108.816,-239.290
450,656.837885057813,-145.950678408791,1112.072,-247.105
450,658.76096198089,-150.566063024176,1115.328,-254.919
450,660.684038903967,-155.181447639561,1118.584,-262.733
450,662.607115827043,-159.796832254945,1121.840,-270.547
450,664.53019275012,-164.41221687033,1125.096,-278.361
450,666.453269673197,-169.027601485714,1128.352,-286.175
450,668.376346596274,-173.642986101099,1131.607,-293.990
450,670.299423519351,-178.258370716484,1134.863,-301.804
450,672.222500442428,-182.873755331868,1138.119,-309.618
450,674.145577365505,-187.489139947253,1141.375,-317.432
450,676.068654288582,-192.104524562638,1144.631,-325.246
450,677.991731211659,-196.719909178022,1147.887,-333.060
450,679.914808134736,-201.335293793407,1151.143,-340.875
450,681.837885057813,-205.950678408791,1154.399,-348.689
450,683.76096198089,-210.566063024176,1157.655,-356.503
450,685.684038903967,-215.181447639561,1160.911,-364.317
450,687.607115827043,-219.796832254945,1164.167,-372.131
450,689.53019275012,-224.41221687033,1167.422,-379.945
450,691.453269673197,-229.027601485714,1170.678,-387.760
450,693.376346596274,-233.642986101099,1173.934,-395.574
450,695.299423519351,-238.258370716484,1177.190,-403.388
450,697.222500442428,-242.873755331868,1180.446,-411.202
450,699.161686341045,-247.482392575017,1183.729,-419.005
450,701.101971341336,-252.090569450707,1187.014,-426.807
450,703.042256341626,-256.698746326397,1190.299,-434.609
450,704.982541341917,-261.306923202087,1193.584,-442.411
450,706.922826342208,-265.915100077778,1196.869,-450.213
450,708.863111342498,-270.523276953468,1200.154,-458.015
450,710.803396342789,-275.131453829158,1203.439,-465.817
450,712.74368134308,-279.739630704849,1206.724,-473.619
450,714.68396634337,-284.347807580539,1210.009,-481.421
450,716.624251343661,-288.955984456229,1213.295,-489.223
450,718.564536343952,-293.56416133192,1216.580,-497.024
450,720.504821344242,-298.17233820761,1219.865,-504.826
450,722.445106344533,-302.7805150833,1223.150,-512.628
450,724.385391344824,-307.388691958991,1226.435,-520.430
450,726.325676345114,-311.996868834681,1229.720,-528.232
450,728.265961345405,-316.605045710371,1233.005,-536.034
450,730.206246345696,-321.213222586062,1236.290,-543.836
450,732.146531345986,-325.821399461752,1239.575,-551.638
450,733.589231860206,-330.593193465298,1242.017,-559.717
450,734.762434525726,-335.453604508164,1244.004,-567.946
450,735.935637191245,-340.314015551031,1245.990,-576.175
450,737.108839856765,-345.174426593897,1247.976,-584.404
450,738.282042522284,-350.034837636763,1249.963,-592.633
450,739.455245187804,-354.89524867963,1251.949,-600.862
450,740.628447853323,-359.755659722496,1253.935,-609.091
450,741.801650518843,-364.616070765363,1255.922,-617.320
450,742.974853184362,-369.476481808229,1257.908,-625.549
450,744.148055849882,-374.336892851096,1259.894,-633.778
450,745.321258515401,-379.197303893962,1261.881,-642.007
450,746.494461180921,-384.057714936828,1263.867,-650.236
450,747.66766384644,-388.918125979695,1265.853,-658.465
450,749.069259101341,-393.709349037597,1268.226,-666.577
450,750.790532347133,-398.40373061703,1271.140,-674.525
450,752.511805592925,-403.098112196463,1274.055,-682.473
450,754.233078838717,-407.792493775896,1276.969,-690.421
450,755.954352084509,-412.48687535533,1279.883,-698.369
450,757.675625330301,-417.181256934763,1282.797,-706.317
450,759.396898576093,-421.875638514196,1285.712,-714.265
450,761.118171821885,-426.570020093629,1288.626,-722.213
450,762.839445067677,-431.264401673062,1291.540,-730.161
450,764.56071831347,-435.958783252495,1294.454,-738.108
450,766.281991559262,-440.653164831928,1297.369,-746.056
450,768.003264805054,-445.347546411361,1300.283,-754.004
450,769.724538050846,-450.041927990794,1303.197,-761.952
450,771.445811296638,-454.736309570227,1306.111,-769.900
450,773.194295603156,-459.420344381722,1309.072,-777.830
450,775.026918195068,-464.072386345808,1312.174,-785.707
450,776.859540786981,-468.724428309893,1315.277,-793.583
450,778.692163378893,-473.376470273979,1318.380,-801.459
450,780.524785970806,-478.028512238064,1321.483,-809.335
450,782.357408562718,-482.680554202149,1324.585,-817.212
450,784.190031154631,-487.332596166235,1327.688,-825.088
450,786.022653746543,-491.98463813032,1330.791,-832.964
450,787.855276338455,-496.636680094406,1333.894,-840.840
450,789.687898930368,-501.288722058491,1336.996,-848.717
450,791.52052152228,-505.940764022577,1340.099,-856.593
450,793.353144114193,-510.592805986662,1343.202,-864.469
450,795.185766706105,-515.244847950748,1346.305,-872.345
450,797.018389298018,-519.896889914833,1349.407,-880.221
450,798.85101188993,-524.548931878919,1352.510,-888.098
450,800.683634481843,-529.200973843004,1355.613,-895.974
450,802.963086566709,-533.624181188635,1359.472,-903.463
450,805.666874523276,-537.830073565518,1364.050,-910.584
450,808.370662479844,-542.035965942401,1368.628,-917.704
450,811.074450436411,-546.241858319284,1373.205,-924.825
450,813.778238392979,-550.447750696167,1377.783,-931.946
450,816.482026349546,-554.653643073049,1382.361,-939.067
450,819.185814306113,-558.859535449932,1386.938,-946.188
450,821.887059486365,-563.067054200798,1391.512,-953.312
450,824.571436947331,-567.285361639459,1396.057,-960.453
450,827.255814408296,-571.503669078119,1400.601,-967.595
450,829.940191869262,-575.72197651678,1405.146,-974.737
450,832.624569330228,-579.94028395544,1409.691,-981.879
450,835.308946791194,-584.158591394101,1414.236,-989.021
450,838.79915705142,-586.908934847208,1420.145,-993.678
450,843.124146013521,-585.279314044759,1427.468,-990.918
450,846.009042435297,-581.444529237995,1432.352,-984.426
450,846.392524929721,-576.459256810487,1433.001,-975.985
450,846.776007424144,-571.473984382979,1433.650,-967.545
450,847.159489918568,-566.488711955471,1434.300,-959.105
450,847.542972412992,-561.503439527963,1434.949,-950.664
450,847.926454907416,-556.518167100455,1435.598,-942.224
450,848.01819028285,-551.530615537679,1435.754,-933.780
450,847.712639966453,-546.539960369853,1435.236,-925.330
450,847.407089650055,-541.549305202027,1434.719,-916.881
450,847.101539333658,-536.558650034201,1434.202,-908.431
450,846.79598901726,-531.567994866375,1433.684,-899.981
450,846.490438700863,-526.577339698548,1433.167,-891.532
450,846.184888384465,-521.586684530722,1432.650,-883.082
450,845.879338068068,-516.596029362896,1432.132,-874.633
450,845.57378775167,-511.60537419507,1431.615,-866.183
450,845.268237435273,-506.614719027244,1431.098,-857.734
450,844.962687118875,-501.624063859418,1430.580,-849.284
450,844.657136802477,-496.633408691592,1430.063,-840.835
450,844.35158648608,-491.642753523766,1429.546,-832.385
450,844.046036169682,-486.65209835594,1429.028,-823.936
450,843.740485853285,-481.661443188113,1428.511,-815.486
450,843.434935536887,-476.670788020287,1427.994,-807.037
450,843.12938522049,-471.680132852461,1427.476,-798.587
450,842.823834904092,-466.689477684635,1426.959,-790.138
450,842.518284587695,-461.698822516809,1426.442,-781.688
450,842.212734271297,-456.708167348983,1425.925,-773.239
450,841.9071839549,-451.717512181157,1425.407,-764.789
450,841.601633638502,-446.726857013331,1424.890,-756.340
450,840.98545606713,-441.770283758468,1423.847,-747.948
450,840.201618346127,-436.832106116145,1422.520,-739.587
450,839.417780625123,-431.893928473823,1421.192,-731.226
450,838.63394290412,-426.955750831501,1419.865,-722.866
450,837.850105183116,-422.017573189178,1418.538,-714.505
450,837.066267462113,-417.079395546856,1417.211,-706.144
450,836.282429741109,-412.141217904534,1415.884,-697.784
450,835.498592020106,-407.203040262212,1414.557,-689.423
450,834.714754299102,-402.264862619889,1413.230,-681.062
450,833.930916578099,-397.326684977567,1411.903,-672.702
450,833.147078857095,-392.388507335245,1410.576,-664.341
450,832.363241136091,-387.450329692922,1409.249,-655.980
450,831.579403415088,-382.5121520506,1407.922,-647.620
450,830.795565694084,-377.573974408278,1406.594,-639.259
450,830.011727973081,-372.635796765955,1405.267,-630.898
450,829.227890252077,-367.697619123633,1403.940,-622.538
450,828.444052531074,-362.759441481311,1402.613,-614.177
450,827.66021481007,-357.821263838988,1401.286,-605.816
450,826.876377089067,-352.883086196666,1399.959,-597.456
450,826.092539368063,-347.944908554344,1398.632,-589.095
450,825.30870164706,-343.006730912021,1397.305,-580.734
450,824.524863926056,-338.068553269699,1395.978,-572.373
450,823.741026205052,-333.130375627377,1394.651,-564.013
450,822.957188484049,-328.192197985054,1393.324,-555.652
450,822.173350763045,-323.254020342732,1391.996,-547.291
450,821.389513042042,-318.31584270041,1390.669,-538.931
450,820.605675321038,-313.377665058088,1389.342,-530.570
450,819.821837600035,-308.439487415765,1388.015,-522.209
450,818.994471196864,-303.508772474787,1386.614,-513.861
450,818.08865904948,-298.591506531842,1385.081,-505.536
450,817.182846902095,-293.674240588897,1383.547,-497.211
450,816.27703475471,-288.756974645951,1382.014,-488.886
450,815.371222607326,-283.839708703006,1380.480,-480.560
450,814.465410459941,-278.922442760061,1378.946,-472.235
450,813.559598312556,-274.005176817115,1377.413,-463.910
450,812.653786165172,-269.08791087417,1375.879,-455.584
450,811.747974017787,-264.170644931224,1374.346,-447.259
450,810.842161870402,-259.253378988279,1372.812,-438.934
450,809.936349723018,-254.336113045334,1371.278,-430.609
450,809.030537575633,-249.418847102388,1369.745,-422.283
450,808.124725428248,-244.501581159443,1368.211,-413.958
450,807.218913280864,-239.584315216498,1366.678,-405.633
450,806.313101133479,-234.667049273552,1365.144,-397.308
450,805.407288986094,-229.749783330607,1363.610,-388.982
450,804.50147683871,-224.832517387661,1362.077,-380.657
450,803.595664691325,-219.915251444716,1360.543,-372.332
450,802.68985254394,-214.997985501771,1359.010,-364.006
450,801.784040396556,-210.080719558825,1357.476,-355.681
450,800.878228249171,-205.16345361588,1355.942,-347.356
450,799.972416101786,-200.246187672935,1354.409,-339.031
450,799.066603954402,-195.328921729989,1352.875,-330.705
450,798.160791807017,-190.411655787044,1351.342,-322.380
450,797.254979659632,-185.494389844099,1349.808,-314.055
450,796.349167512248,-180.577123901153,1348.274,-305.730
450,795.443355364863,-175.659857958208,1346.741,-297.404
450,794.537543217478,-170.742592015262,1345.207,-289.079
450,793.631731070094,-165.825326072317,1343.674,-280.754
450,792.725918922709,-160.908060129372,1342.140,-272.428
450,791.820106775324,-155.990794186426,1340.606,-264.103
450,790.91429462794,-151.073528243481,1339.073,-255.778
450,790.008482480555,-146.156262300536,1337.539,-247.453
450,789.10267033317,-141.23899635759,1336.006,-239.127
550,994.514440340007,-1371.96762985653,1683.782,-2322.836
550,995.355922654467,-1367.03894772898,1685.207,-2314.492
550,996.197404968927,-1362.11026560142,1686.631,-2306.147
550,997.038887283387,-1357.18158347387,1688.056,-2297.802
550,997.880369597847,-1352.25290134632,1689.481,-2289.458
550,998.721851912308,-1347.32421921877,1690.905,-2281.113
550,999.563334226768,-1342.39553709122,1692.330,-2272.769
550,1000.40481654123,-1337.46685496366,1693.755,-2264.424
550,1001.24629885569,-1332.53817283611,1695.179,-2256.079
550,1002.08778117015,-1327.60949070856,1696.604,-2247.735
550,1002.92926348461,-1322.68080858101,1698.029,-2239.390
550,1003.77074579907,-1317.75212645346,1699.453,-2231.046
550,1004.61222811353,-1312.8234443259,1700.878,-2222.701
550,1005.45371042799,-1307.89476219835,1702.303,-2214.356
550,1006.29519274245,-1302.9660800708,1703.728,-2206.012
550,1007.13667505691,-1298.03739794325,1705.152,-2197.667
550,1007.97815737137,-1293.10871581569,1706.577,-2189.323
550,1008.81963968583,-1288.18003368814,1708.002,-2180.978
550,1009.66112200029,-1283.25135156059,1709.426,-2172.633
550,1010.50260431475,-1278.32266943304,1710.851,-2164.289
550,1011.34408662921,-1273.39398730549,1712.276,-2155.944
550,1012.18556894367,-1268.46530517793,1713.700,-2147.600
550,1013.02705125813,-1263.53662305038,1715.125,-2139.255
550,1013.86853357259,-1258.60794092283,1716.550,-2130.910
550,1014.71001588705,-1253.67925879528,1717.974,-2122.566
550,1015.55149820151,-1248.75057666773,1719.399,-2114.221
550,1016.39298051597,-1243.82189454017,1720.824,-2105.877
550,1017.23446283043,-1238.89321241262,1722.248,-2097.532
550,1018.07594514489,-1233.96453028507,1723.673,-2089.187
550,1018.91742745935,-1229.03584815752,1725.098,-2080.843
550,1019.75890977381,-1224.10716602997,1726.523,-2072.498
550,1020.60039208827,-1219.17848390241,1727.947,-2064.154
550,1021.44187440273,-1214.24980177486,1729.372,-2055.809
550,1022.28335671719,-1209.32111964731,1730.797,-2047.464
550,1023.12483903165,-1204.39243751976,1732.221,-2039.120
550,1023.96632134611,-1199.46375539221,1733.646,-2030.775
550,1024.80780366057,-1194.53507326465,1735.071,-2022.431
550,1025.61685021977,-1189.60190148522,1736.440,-2014.078
550,1026.14578049274,-1184.62995691932,1737.336,-2005.661
550,1026.67471076571,-1179.65801235343,1738.231,-1997.243
550,1027.20364103867,-1174.68606778753,1739.127,-1988.825
550,1027.73257131164,-1169.71412322164,1740.022,-1980.407
550,1028.26150158461,-1164.74217865574,1740.918,-1971.989
550,1028.79043185758,-1159.77023408984,1741.814,-1963.571
550,1029.31936213055,-1154.79828952395,1742.709,-1955.154
550,1029.84829240351,-1149.82634495805,1743.605,-1946.736
550,1030.37722267648,-1144.85440039216,1744.500,-1938.318
550,1030.90615294945,-1139.88245582626,1745.396,-1929.900
550,1031.43508322242,-1134.91051126037,1746.291,-1921.482
550,1031.96401349538,-1129.93856669447,1747.187,-1913.064
550,1032.49294376835,-1124.96662212858,1748.082,-1904.646
550,1033.02187404132,-1119.99467756268,1748.978,-1896.229
550,1033.55080431429,-1115.02273299678,1749.873,-1887.811
550,1034.07973458725,-1110.05078843089,1750.769,-1879.393
550,1034.60866486022,-1105.07884386499,1751.664,-1870.975
550,1035.13759513319,-1100.1068992991,1752.560,-1862.557
550,1035.66652540616,-1095.1349547332,1753.455,-1854.139
550,1036.19545567912,-1090.16301016731,1754.351,-1845.722
550,1036.57185038758,-1085.19155697911,1754.988,-1837.305
550,1036.01089820454,-1080.2231233579,1754.038,-1828.893
550,1035.4499460215,-1075.25468973669,1753.089,-1820.481
550,1034.88899383846,-1070.28625611549,1752.139,-1812.069
550,1034.32804165542,-1065.31782249428,1751.189,-1803.657
550,1033.76708947238,-1060.34938887307,1750.239,-1795.245
550,1033.20613728934,-1055.38095525186,1749.290,-1786.833
550,1032.6451851063,-1050.41252163066,1748.340,-1778.421
550,1032.08423292326,-1045.44408800945,1747.390,-1770.009
550,1031.52328074022,-1040.47565438824,1746.440,-1761.597
550,1030.96232855719,-1035.50722076703,1745.491,-1753.185
550,1030.40137637415,-1030.53878714583,1744.541,-1744.774
550,1029.84042419111,-1025.57035352462,1743.591,-1736.362
550,1029.27947200807,-1020.60191990341,1742.641,-1727.950
550,1028.71851982503,-1015.6334862822,1741.692,-1719.538
550,1028.15756764199,-1010.665052661,1740.742,-1711.126
550,1027.59661545895,-1005.69661903979,1739.792,-1702.714
550,1027.03566327591,-1000.72818541858,1738.843,-1694.302
550,1026.47471109287,-995.759751797375,1737.893,-1685.890
550,1025.91375890983,-990.791318176168,1736.943,-1677.478
550,1025.35280672679,-985.822884554961,1735.993,-1669.066
550,1024.79185454375,-980.854450933753,1735.044,-1660.655
550,1024.23090236071,-975.886017312546,1734.094,-1652.243
550,1023.66995017767,-970.917583691339,1733.144,-1643.831
550,1023.10899799463,-965.949150070132,1732.194,-1635.419
550,1022.54804581159,-960.980716448924,1731.245,-1627.007
550,1021.98709362855,-956.012282827717,1730.295,-1618.595
550,1021.42614144551,-951.04384920651,1729.345,-1610.183
550,1020.79319021641,-946.084682511383,1728.274,-1601.787
550,1020.07773749219,-941.136134502178,1727.062,-1593.409
550,1019.36228476796,-936.187586492974,1725.851,-1585.030
550,1018.64683204374,-931.239038483769,1724.640,-1576.652
550,1017.93137931952,-926.290490474565,1723.428,-1568.274
550,1017.2159265953,-921.34194246536,1722.217,-1559.896
550,1016.50047387108,-916.393394456156,1721.006,-1551.518
550,1015.78502114685,-911.444846446951,1719.794,-1543.139
550,1015.06956842263,-906.496298437746,1718.583,-1534.761
550,1014.35411569841,-901.547750428542,1717.372,-1526.383
550,1013.63866297419,-896.599202419337,1716.161,-1518.005
550,1012.92321024996,-891.650654410133,1714.949,-1509.626
550,1012.20775752574,-886.702106400928,1713.738,-1501.248
550,1011.49230480152,-881.753558391723,1712.527,-1492.870
550,1010.7768520773,-876.805010382519,1711.315,-1484.492
550,1010.06139935307,-871.856462373314,1710.104,-1476.113
550,1009.34594662885,-866.90791436411,1708.893,-1467.735
550,1008.63049390463,-861.959366354905,1707.681,-1459.357
550,1007.91504118041,-857.0108183457,1706.470,-1450.979
550,1007.19958845619,-852.062270336496,1705.259,-1442.600
550,1006.48413573196,-847.113722327291,1704.047,-1434.222
550,1005.76868300774,-842.165174318087,1702.836,-1425.844
550,1005.05323028352,-837.216626308882,1701.625,-1417.466
550,1004.3377775593,-832.268078299677,1700.413,-1409.088
550,1003.62232483507,-827.319530290473,1699.202,-1400.709
550,1002.90687211085,-822.370982281268,1697.991,-1392.331
550,1002.19141938663,-817.422434272063,1696.780,-1383.953
550,1001.47596666241,-812.473886262859,1695.568,-1375.575
550,1000.76051393818,-807.525338253654,1694.357,-1367.196
550,1000.04506121396,-802.57679024445,1693.146,-1358.818
550,999.329608489739,-797.628242235245,1691.934,-1350.440
550,998.614155765517,-792.679694226041,1690.723,-1342.062
550,997.898703041295,-787.731146216836,1689.512,-1333.683
550,997.183250317072,-782.782598207631,1688.300,-1325.305
550,996.46779759285,-777.834050198427,1687.089,-1316.927
550,995.752344868628,-772.885502189222,1685.878,-1308.549
550,995.036892144405,-767.936954180017,1684.666,-1300.170
550,994.390083140419,-762.980271444048,1683.571,-1291.778
550,993.929092087615,-758.001568073768,1682.791,-1283.349
550,993.468101034812,-753.022864703488,1682.010,-1274.920
550,993.007109982008,-748.044161333208,1681.230,-1266.491
550,992.546118929204,-743.065457962928,1680.449,-1258.061
550,992.085127876401,-738.086754592649,1679.669,-1249.632
550,991.624136823597,-733.108051222369,1678.888,-1241.203
550,991.163145770793,-728.129347852089,1678.108,-1232.773
550,990.70215471799,-723.150644481809,1677.327,-1224.344
550,990.241163665186,-718.17194111153,1676.547,-1215.915
550,989.780172612382,-713.19323774125,1675.766,-1207.486
550,989.319181559579,-708.21453437097,1674.986,-1199.056
550,988.858190506775,-703.23583100069,1674.205,-1190.627
550,988.397199453971,-698.257127630411,1673.425,-1182.198
550,987.936208401168,-693.278424260131,1672.644,-1173.768
550,987.475217348364,-688.299720889851,1671.864,-1165.339
550,987.01422629556,-683.321017519571,1671.083,-1156.910
550,986.553235242757,-678.342314149292,1670.303,-1148.481
550,986.092244189953,-673.363610779012,1669.523,-1140.051
550,985.631253137149,-668.384907408732,1668.742,-1131.622
550,985.170262084345,-663.406204038452,1667.962,-1123.193
550,984.709271031542,-658.427500668173,1667.181,-1114.763
550,984.248279978738,-653.448797297893,1666.401,-1106.334
550,983.787288925934,-648.470093927613,1665.620,-1097.905
550,983.462081686513,-643.487383205836,1665.069,-1089.469
550,983.628655837676,-638.49015867094,1665.351,-1081.008
550,983.795229988839,-633.492934136044,1665.634,-1072.547
550,983.961804140002,-628.495709601149,1665.916,-1064.087
550,984.128378291165,-623.498485066253,1666.198,-1055.626
550,984.294952442329,-618.501260531357,1666.480,-1047.166
550,984.461526593492,-613.504035996461,1666.762,-1038.705
550,984.628100744655,-608.506811461566,1667.044,-1030.244
550,984.794674895818,-603.50958692667,1667.326,-1021.784
550,984.961249046981,-598.512362391774,1667.608,-1013.323
550,985.127823198144,-593.515137856878,1667.890,-1004.862
550,985.294397349308,-588.517913321983,1668.172,-996.402
550,985.460971500471,-583.520688787087,1668.454,-987.941
550,985.627545651634,-578.523464252191,1668.736,-979.480
550,984.993906870598,-573.570745586033,1667.663,-971.095
550,984.274207642027,-568.622813389611,1666.444,-962.718
550,983.554508413457,-563.674881193188,1665.226,-954.341
550,982.834809184886,-558.726948996766,1664.007,-945.963
550,982.115109956315,-553.779016800343,1662.789,-937.586
550,981.395410727745,-548.831084603921,1661.570,-929.209
550,980.675711499174,-543.883152407498,1660.352,-920.832
550,979.956012270604,-538.935220211076,1659.133,-912.455
550,979.236313042033,-533.987288014653,1657.915,-904.077
550,978.516613813463,-529.03935581823,1656.696,-895.700
550,977.796914584892,-524.091423621808,1655.478,-887.323
550,977.077215356322,-519.143491425385,1654.259,-878.946
550,976.357516127751,-514.195559228963,1653.041,-870.569
550,975.637816899181,-509.24762703254,1651.822,-862.192
550,974.91811767061,-504.299694836118,1650.604,-853.814
550,974.198418442039,-499.351762639695,1649.385,-845.437
550,973.478719213469,-494.403830443273,1648.167,-837.060
550,972.759019984898,-489.45589824685,1646.948,-828.683
550,972.039320756328,-484.507966050427,1645.730,-820.306
550,971.319621527757,-479.560033854005,1644.511,-811.928
550,970.599922299187,-474.612101657582,1643.293,-803.551
550,969.880223070616,-469.66416946116,1642.074,-795.174
550,969.160523842045,-464.716237264737,1640.856,-786.797
550,968.440824613475,-459.768305068315,1639.637,-778.420
550,967.665069970258,-454.829823724313,1638.324,-770.058
550,966.722672720546,-449.919438054762,1636.728,-761.745
550,965.780275470834,-445.00905238521,1635.133,-753.431
550,964.837878221123,-440.098666715659,1633.537,-745.118
550,963.895480971411,-435.188281046108,1631.942,-736.804
550,962.953083721699,-430.277895376556,1630.346,-728.490
550,962.010686471987,-425.367509707005,1628.751,-720.177
550,961.068289222275,-420.457124037454,1627.155,-711.863
550,960.125891972563,-415.546738367902,1625.560,-703.549
550,959.183494722851,-410.636352698351,1623.964,-695.236
550,958.241097473139,-405.725967028799,1622.369,-686.922
550,957.298700223427,-400.815581359248,1620.773,-678.609
550,956.356302973716,-395.905195689697,1619.178,-670.295
550,955.413905724004,-390.994810020145,1617.582,-661.981
550,954.471508474292,-386.084424350594,1615.986,-653.668
550,953.52911122458,-381.174038681043,1614.391,-645.354
550,952.586713974868,-376.263653011491,1612.795,-637.040
550,951.644316725156,-371.35326734194,1611.200,-628.727
550,950.701919475444,-366.442881672388,1609.604,-620.413
550,949.759522225732,-361.532496002837,1608.009,-612.100
550,948.817124976021,-356.622110333286,1606.413,-603.786
550,947.874727726309,-351.711724663734,1604.818,-595.472
550,946.932330476597,-346.801338994183,1603.222,-587.159
550,945.989933226885,-341.890953324632,1601.627,-578.845
550,945.047535977173,-336.98056765508,1600.031,-570.531
550,944.105138727461,-332.070181985529,1598.435,-562.218
550,943.162741477749,-327.159796315978,1596.840,-553.904
550,942.220344228037,-322.249410646426,1595.244,-545.591
550,941.277946978325,-317.339024976875,1593.649,-537.277
550,940.335549728614,-312.428639307323,1592.053,-528.963
550,939.393152478902,-307.518253637772,1590.458,-520.650
550,938.45075522919,-302.607867968221,1588.862,-512.336
550,937.508357979478,-297.697482298669,1587.267,-504.022
550,936.565960729766,-292.787096629118,1585.671,-495.709
550,935.623563480054,-287.876710959567,1584.076,-487.395
550,934.681166230342,-282.966325290015,1582.480,-479.082
550,933.73876898063,-278.055939620464,1580.884,-470.768
550,932.796371730919,-273.145553950912,1579.289,-462.454
550,931.853974481207,-268.235168281361,1577.693,-454.141
550,930.911577231495,-263.32478261181,1576.098,-445.827
550,929.969179981783,-258.414396942258,1574.502,-437.513
550,929.026782732071,-253.504011272707,1572.907,-429.200
550,928.084385482359,-248.593625603156,1571.311,-420.886
550,927.141988232647,-243.683239933604,1569.716,-412.573
550,926.199590982935,-238.772854264053,1568.120,-404.259
550,924.928855758559,-233.947151906889,1565.969,-396.089
550,923.378752759404,-229.193502709482,1563.344,-388.040
550,921.82864976025,-224.439853512074,1560.720,-379.992
550,920.278546761095,-219.686204314667,1558.095,-371.944
550,918.728443761941,-214.93255511726,1555.471,-363.896
550,917.178340762786,-210.178905919852,1552.846,-355.847
550,915.628237763631,-205.425256722445,1550.222,-347.799
550,914.078134764477,-200.671607525037,1547.598,-339.751
550,912.528031765322,-195.91795832763,1544.973,-331.703
550,910.977928766168,-191.164309130223,1542.349,-323.654
550,909.427825767013,-186.410659932815,1539.724,-315.606
550,907.877722767859,-181.657010735408,1537.100,-307.558
550,906.327619768704,-176.903361538,1534.475,-299.510
550,904.777516769549,-172.149712340593,1531.851,-291.461
550,903.227413770395,-167.396063143186,1529.227,-283.413
550,901.67731077124,-162.642413945778,1526.602,-275.365
550,900.127207772086,-157.888764748371,1523.978,-267.317
550,898.577104772931,-153.135115550963,1521.353,-259.268
550,897.027001773776,-148.381466353556,1518.729,-251.220
550,895.476898774622,-143.627817156149,1516.104,-243.172
550,893.926795775467,-138.874167958741,1513.480,-235.124
600,954.596201610719,-136.719909178022,1616.198,-231.476
600,955.89348416745,-141.548683139185,1618.394,-239.652
600,957.19076672418,-146.377457100348,1620.590,-247.827
600,958.48804928091,-151.20623106151,1622.787,-256.003
600,959.785331837641,-156.035005022673,1624.983,-264.178
600,961.082614394371,-160.863778983836,1627.179,-272.354
600,962.379896951101,-165.692552944999,1629.376,-280.529
600,963.677179507831,-170.521326906161,1631.572,-288.704
600,964.974462064562,-175.350100867324,1633.769,-296.880
600,966.271744621292,-180.178874828487,1635.965,-305.055
600,967.569027178022,-185.00764878965,1638.161,-313.231
600,968.866309734753,-189.836422750812,1640.358,-321.406
600,970.163592291483,-194.665196711975,1642.554,-329.582
600,971.460874848213,-199.493970673138,1644.751,-337.757
600,972.758157404943,-204.322744634301,1646.947,-345.933
600,974.055439961674,-209.151518595463,1649.143,-354.108
600,975.352722518404,-213.980292556626,1651.340,-362.283
600,976.650005075134,-218.809066517789,1653.536,-370.459
600,977.947287631865,-223.637840478952,1655.733,-378.634
600,979.244570188595,-228.466614440114,1657.929,-386.810
600,980.541852745325,-233.295388401277,1660.125,-394.985
600,981.839135302055,-238.12416236244,1662.322,-403.161
600,983.136417858786,-242.952936323603,1664.518,-411.336
600,984.433700415516,-247.781710284765,1666.714,-419.512
600,985.730982972246,-252.610484245928,1668.911,-427.687
600,987.028265528977,-257.439258207091,1671.107,-435.863
600,988.325548085707,-262.268032168254,1673.304,-444.038
600,989.622830642437,-267.096806129416,1675.500,-452.213
600,990.920113199167,-271.925580090579,1677.696,-460.389
600,992.217395755898,-276.754354051742,1679.893,-468.564
600,993.514678312628,-281.583128012905,1682.089,-476.740
600,994.697711107242,-286.436430951662,1684.092,-484.957
600,995.496828969837,-291.372158926508,1685.445,-493.313
600,996.295946832431,-296.307886901355,1686.798,-501.670
600,997.095064695025,-301.243614876201,1688.151,-510.026
600,997.894182557619,-306.179342851048,1689.504,-518.383
600,998.693300420213,-311.115070825894,1690.857,-526.739
600,999.492418282808,-316.050798800741,1692.210,-535.096
600,1000.2915361454,-320.986526775587,1693.563,-543.452
600,1001.090654008,-325.922254750434,1694.916,-551.809
600,1001.88977187059,-330.857982725281,1696.269,-560.165
600,1002.68888973318,-335.793710700127,1697.622,-568.522
600,1003.48800759578,-340.729438674974,1698.975,-576.879
600,1004.28712545837,-345.66516664982,1700.328,-585.235
600,1005.08624332097,-350.600894624667,1701.681,-593.592
600,1005.88536118356,-355.536622599513,1703.034,-601.948
600,1006.68447904616,-360.47235057436,1704.387,-610.305
600,1007.48359690875,-365.408078549206,1705.740,-618.661
600,1008.28271477134,-370.343806524053,1707.093,-627.018
600,1009.08183263394,-375.2795344989,1708.445,-635.374
600,1009.88095049653,-380.215262473746,1709.798,-643.731
600,1010.68006835913,-385.150990448593,1711.151,-652.087
600,1011.47918622172,-390.086718423439,1712.504,-660.444
600,1012.27830408431,-395.022446398286,1713.857,-668.800
600,1013.07742194691,-399.958174373132,1715.210,-677.157
600,1013.8765398095,-404.893902347979,1716.563,-685.513
600,1014.6756576721,-409.829630322825,1717.916,-693.870
600,1015.47477553469,-414.765358297672,1719.269,-702.226
600,1016.27389339729,-419.701086272519,1720.622,-710.583
600,1017.07301125988,-424.636814247365,1721.975,-718.940
600,1017.87212912247,-429.572542222212,1723.328,-727.296
600,1018.67124698507,-434.508270197058,1724.681,-735.653
600,1019.47036484766,-439.443998171905,1726.034,-744.009
600,1020.26948271026,-444.379726146751,1727.387,-752.366
600,1021.06860057285,-449.315454121598,1728.740,-760.722
600,1021.86771843545,-454.251182096444,1730.093,-769.079
600,1022.66683629804,-459.186910071291,1731.446,-777.435
600,1023.46595416063,-464.122638046138,1732.799,-785.792
600,1024.26507202323,-469.058366020984,1734.152,-794.148
600,1025.06418988582,-473.994093995831,1735.505,-802.505
600,1025.86330774842,-478.929821970677,1736.858,-810.861
600,1026.66242561101,-483.865549945524,1738.211,-819.218
600,1027.4615434736,-488.80127792037,1739.564,-827.574
600,1028.2606613362,-493.737005895217,1740.917,-835.931
600,1029.05977919879,-498.672733870063,1742.270,-844.287
600,1029.85889706139,-503.60846184491,1743.622,-852.644
600,1030.65801492398,-508.544189819757,1744.975,-861.001
600,1031.45713278658,-513.479917794603,1746.328,-869.357
600,1032.23565654254,-518.418135595979,1747.647,-877.718
600,1032.63582855426,-523.402096105557,1748.324,-886.156
600,1033.03600056598,-528.386056615136,1749.002,-894.594
600,1033.4361725777,-533.370017124714,1749.679,-903.032
600,1033.83634458941,-538.353977634293,1750.357,-911.471
600,1034.23651660113,-543.337938143871,1751.034,-919.909
600,1034.63668861285,-548.321898653449,1751.712,-928.347
600,1035.03686062457,-553.305859163028,1752.389,-936.785
600,1035.43703263629,-558.289819672606,1753.067,-945.223
600,1035.837204648,-563.273780182185,1753.744,-953.662
600,1036.23737665972,-568.257740691763,1754.422,-962.100
600,1036.63754867144,-573.241701201342,1755.099,-970.538
600,1037.03772068316,-578.22566171092,1755.777,-978.976
600,1037.43789269488,-583.209622220499,1756.454,-987.414
600,1037.83806470659,-588.193582730077,1757.132,-995.853
600,1038.23823671831,-593.177543239656,1757.809,-1004.291
600,1038.63840873003,-598.161503749234,1758.487,-1012.729
600,1039.03858074175,-603.145464258812,1759.164,-1021.167
600,1039.43875275347,-608.129424768391,1759.842,-1029.605
600,1039.83892476518,-613.113385277969,1760.519,-1038.043
600,1040.2390967769,-618.097345787548,1761.197,-1046.482
600,1040.63926878862,-623.081306297126,1761.874,-1054.920
600,1041.03944080034,-628.065266806705,1762.552,-1063.358
600,1041.43961281206,-633.049227316283,1763.229,-1071.796
600,1041.83978482377,-638.033187825862,1763.907,-1080.234
600,1042.23995683549,-643.01714833544,1764.584,-1088.673
600,1042.64012884721,-648.001108845019,1765.262,-1097.111
600,1043.04030085893,-652.985069354597,1765.940,-1105.549
600,1043.44047287065,-657.969029864175,1766.617,-1113.987
600,1043.84064488236,-662.952990373754,1767.295,-1122.425
600,1044.24081689408,-667.936950883332,1767.972,-1130.864
600,1044.6409889058,-672.920911392911,1768.650,-1139.302
600,1045.04116091752,-677.904871902489,1769.327,-1147.740
600,1045.44133292924,-682.888832412068,1770.005,-1156.178
600,1045.84150494095,-687.872792921646,1770.682,-1164.616
600,1046.24167695267,-692.856753431225,1771.360,-1173.055
600,1046.64184896439,-697.840713940803,1772.037,-1181.493
600,1047.04202097611,-702.824674450382,1772.715,-1189.931
600,1047.44219298783,-707.80863495996,1773.392,-1198.369
600,1047.84236499954,-712.792595469539,1774.070,-1206.807
600,1048.24253701126,-717.776555979117,1774.747,-1215.245
600,1048.64270902298,-722.760516488695,1775.425,-1223.684
600,1049.0428810347,-727.744476998274,1776.102,-1232.122
600,1049.44305304642,-732.728437507852,1776.780,-1240.560
600,1049.84322505813,-737.712398017431,1777.457,-1248.998
600,1050.24339706985,-742.696358527009,1778.135,-1257.436
600,1050.64356908157,-747.680319036588,1778.812,-1265.875
600,1051.04374109329,-752.664279546166,1779.490,-1274.313
600,1051.44391310501,-757.648240055745,1780.167,-1282.751
600,1051.84408511672,-762.632200565323,1780.845,-1291.189
600,1052.24425712844,-767.616161074902,1781.522,-1299.627
600,1052.64442914016,-772.60012158448,1782.200,-1308.066
600,1053.04460115188,-777.584082094059,1782.877,-1316.504
600,1053.4447731636,-782.568042603637,1783.555,-1324.942
600,1053.84494517531,-787.552003113216,1784.233,-1333.380
600,1054.24511718703,-792.535963622794,1784.910,-1341.818
600,1054.64528919875,-797.519924132372,1785.588,-1350.257
600,1055.04546121047,-802.503884641951,1786.265,-1358.695
600,1055.44563322219,-807.487845151529,1786.943,-1367.133
600,1055.8458052339,-812.471805661108,1787.620,-1375.571
600,1056.24597724562,-817.455766170686,1788.298,-1384.009
600,1056.64332556741,-822.439944619093,1788.970,-1392.448
600,1057.01268399499,-827.426283391377,1789.596,-1400.890
600,1057.38204242257,-832.412622163661,1790.221,-1409.332
600,1057.75140085014,-837.398960935944,1790.846,-1417.774
600,1058.12075927772,-842.385299708228,1791.472,-1426.217
600,1058.4901177053,-847.371638480511,1792.097,-1434.659
600,1058.85947613287,-852.357977252795,1792.722,-1443.101
600,1059.22883456045,-857.344316025078,1793.348,-1451.543
600,1059.59819298803,-862.330654797362,1793.973,-1459.986
600,1059.9675514156,-867.316993569645,1794.599,-1468.428
600,1060.33690984318,-872.303332341929,1795.224,-1476.870
600,1060.70626827076,-877.289671114213,1795.849,-1485.312
600,1061.07562669833,-882.276009886496,1796.475,-1493.754
600,1061.44498512591,-887.26234865878,1797.100,-1502.197
600,1061.81434355349,-892.248687431063,1797.725,-1510.639
600,1062.18370198106,-897.235026203347,1798.351,-1519.081
600,1062.55306040864,-902.22136497563,1798.976,-1527.523
600,1062.92241883622,-907.207703747914,1799.601,-1535.966
600,1063.29177726379,-912.194042520197,1800.227,-1544.408
600,1063.66113569137,-917.180381292481,1800.852,-1552.850
600,1064.03049411895,-922.166720064764,1801.477,-1561.292
600,1064.39985254652,-927.153058837048,1802.103,-1569.734
600,1064.7692109741,-932.139397609331,1802.728,-1578.177
600,1065.13856940168,-937.125736381615,1803.353,-1586.619
600,1065.50792782925,-942.112075153899,1803.979,-1595.061
600,1065.87728625683,-947.098413926182,1804.604,-1603.503
600,1066.24664468441,-952.084752698466,1805.229,-1611.945
600,1066.61600311198,-957.071091470749,1805.855,-1620.388
600,1066.98536153956,-962.057430243033,1806.480,-1628.830
600,1067.35471996713,-967.043769015316,1807.106,-1637.272
600,1067.72407839471,-972.0301077876,1807.731,-1645.714
600,1068.09343682229,-977.016446559883,1808.356,-1654.157
600,1068.46279524986,-982.002785332167,1808.982,-1662.599
600,1068.83215367744,-986.98912410445,1809.607,-1671.041
600,1069.20151210502,-991.975462876734,1810.232,-1679.483
600,1069.57087053259,-996.961801649018,1810.858,-1687.925
600,1069.94692538768,-1001.94757659373,1811.494,-1696.367
600,1070.41653836066,-1006.9254741073,1812.289,-1704.795
600,1070.88615133364,-1011.90337162087,1813.084,-1713.223
600,1071.35576430661,-1016.88126913444,1813.880,-1721.650
600,1071.82537727959,-1021.85916664801,1814.675,-1730.078
600,1072.29499025257,-1026.83706416158,1815.470,-1738.506
600,1072.76460322555,-1031.81496167515,1816.265,-1746.934
600,1073.23421619853,-1036.79285918872,1817.060,-1755.362
600,1073.70382917151,-1041.77075670229,1817.855,-1763.790
600,1074.17344214448,-1046.74865421586,1818.650,-1772.218
600,1074.64305511746,-1051.72655172943,1819.445,-1780.646
600,1075.11266809044,-1056.704449243,1820.240,-1789.074
600,1075.58228106342,-1061.68234675657,1821.035,-1797.502
600,1076.0518940364,-1066.66024427014,1821.830,-1805.930
600,1076.52150700938,-1071.63814178371,1822.626,-1814.358
600,1076.99111998235,-1076.61603929728,1823.421,-1822.786
600,1077.46073295533,-1081.59393681085,1824.216,-1831.213
600,1077.93034592831,-1086.57183432442,1825.011,-1839.641
600,1078.39995890129,-1091.549731838,1825.806,-1848.069
600,1078.86957187427,-1096.52762935157,1826.601,-1856.497
600,1079.33918484725,-1101.50552686514,1827.396,-1864.925
600,1079.80879782022,-1106.48342437871,1828.191,-1873.353
600,1080.2784107932,-1111.46132189228,1828.986,-1881.781
600,1080.74802376618,-1116.43921940585,1829.781,-1890.209
600,1080.94249203465,-1121.42634333388,1830.111,-1898.653
600,1080.80740622791,-1126.42451818324,1829.882,-1907.115
600,1080.67232042117,-1131.42269303261,1829.653,-1915.577
600,1080.53723461443,-1136.42086788197,1829.424,-1924.039
600,1080.40214880769,-1141.41904273133,1829.196,-1932.502
600,1080.26706300095,-1146.4172175807,1828.967,-1940.964
600,1080.13197719421,-1151.41539243006,1828.738,-1949.426
600,1079.99689138747,-1156.41356727943,1828.510,-1957.888
600,1079.86180558073,-1161.41174212879,1828.281,-1966.351
600,1079.72671977399,-1166.40991697816,1828.052,-1974.813
600,1079.59163396725,-1171.40809182752,1827.823,-1983.275
600,1079.45654816051,-1176.40626667688,1827.595,-1991.737
600,1079.32146235377,-1181.40444152625,1827.366,-2000.200
600,1079.18637654703,-1186.40261637561,1827.137,-2008.662
600,1079.05129074029,-1191.40079122498,1826.909,-2017.124
600,1078.91620493355,-1196.39896607434,1826.680,-2025.586
600,1078.73768589569,-1201.39092398681,1826.378,-2034.038
600,1077.46521939929,-1206.22629667312,1824.223,-2042.225
600,1076.1927529029,-1211.06166935944,1822.069,-2050.411
600,1074.9202864065,-1215.89704204575,1819.915,-2058.598
600,1073.6478199101,-1220.73241473206,1817.760,-2066.785
600,1072.3753534137,-1225.56778741838,1815.606,-2074.971
600,1071.1028869173,-1230.40316010469,1813.451,-2083.158
600,1069.8304204209,-1235.238532791,1811.297,-2091.344
600,1068.55795392451,-1240.07390547732,1809.143,-2099.531
600,1067.28548742811,-1244.90927816363,1806.988,-2107.718
600,1066.01302093171,-1249.74465084994,1804.834,-2115.904
600,1064.74055443531,-1254.58002353626,1802.680,-2124.091
600,1063.46808793891,-1259.41539622257,1800.525,-2132.278
600,1062.19562144252,-1264.25076890888,1798.371,-2140.464
600,1060.92315494612,-1269.08614159519,1796.216,-2148.651
600,1059.65068844972,-1273.92151428151,1794.062,-2156.837
600,1058.37822195332,-1278.75688696782,1791.908,-2165.024
600,1057.10575545692,-1283.59225965413,1789.753,-2173.211
600,1055.81915167288,-1288.42387572873,1787.575,-2181.391
600,1054.52350884244,-1293.25308991491,1785.381,-2189.567
600,1053.22786601201,-1298.08230410108,1783.188,-2197.743
600,1051.93222318157,-1302.91151828725,1780.994,-2205.920
600,1050.63658035113,-1307.74073247343,1778.801,-2214.096
600,1049.3409375207,-1312.5699466596,1776.607,-2222.272
600,1048.04529469026,-1317.39916084577,1774.413,-2230.448
600,1046.74965185982,-1322.22837503195,1772.220,-2238.624
600,1045.45400902939,-1327.05758921812,1770.026,-2246.800
600,1044.15836619895,-1331.88680340429,1767.832,-2254.977
600,1042.86272336851,-1336.71601759047,1765.639,-2263.153
600,1041.56708053808,-1341.54523177664,1763.445,-2271.329
600,1040.27143770764,-1346.37444596281,1761.252,-2279.505
600,1038.9757948772,-1351.20366014899,1759.058,-2287.681
600,1037.68015204677,-1356.03287433516,1756.864,-2295.858
600,1036.38450921633,-1360.86208852133,1754.671,-2304.034
600,1035.08886638589,-1365.69130270751,1752.477,-2312.210
600,1033.79322355545,-1370.52051689368,1750.284,-2320.386
600,1032.49758072502,-1375.34973107985,1748.090,-2328.562
650,1012.25587977524,-136.719909178022,1713.819,-231.476
650,1013.59110468493,-141.538329504285,1716.080,-239.634
650,1014.92632959462,-146.356749830549,1718.341,-247.792
650,1016.26155450431,-151.175170156812,1720.601,-255.950
650,1017.59677941399,-155.993590483076,1722.862,-264.108
650,1018.93200432368,-160.81201080934,1725.123,-272.266
650,1020.26722923337,-165.630431135603,1727.383,-280.424
650,1021.60245414306,-170.448851461867,1729.644,-288.582
650,1022.93767905274,-175.26727178813,1731.904,-296.740
650,1024.27290396243,-180.085692114394,1734.165,-304.898
650,1025.60812887212,-184.904112440658,1736.426,-313.055
650,1026.94335378181,-189.722532766921,1738.686,-321.213
650,1028.27857869149,-194.540953093185,1740.947,-329.371
650,1029.61380360118,-199.359373419448,1743.208,-337.529
650,1030.94902851087,-204.177793745712,1745.468,-345.687
650,1032.28425342056,-208.996214071975,1747.729,-353.845
650,1033.61947833024,-213.814634398239,1749.989,-362.003
650,1034.95470323993,-218.633054724503,1752.250,-370.161
650,1036.28992814962,-223.451475050766,1754.511,-378.319
650,1037.62515305931,-228.26989537703,1756.771,-386.477
650,1038.96037796899,-233.088315703293,1759.032,-394.635
650,1040.29560287868,-237.906736029557,1761.293,-402.793
650,1041.63082778837,-242.725156355821,1763.553,-410.951
650,1042.96605269806,-247.543576682084,1765.814,-419.108
650,1044.30127760774,-252.361997008348,1768.074,-427.266
650,1045.63650251743,-257.180417334611,1770.335,-435.424
650,1046.97172742712,-261.998837660875,1772.596,-443.582
650,1048.30695233681,-266.817257987138,1774.856,-451.740
650,1049.64217724649,-271.635678313402,1777.117,-459.898
650,1050.97740215618,-276.454098639666,1779.378,-468.056
650,1052.31262706587,-281.272518965929,1781.638,-476.214
650,1053.64785197556,-286.090939292193,1783.899,-484.372
650,1054.98307688524,-290.909359618456,1786.159,-492.530
650,1056.31830179493,-295.72777994472,1788.420,-500.688
650,1057.65352670462,-300.546200270983,1790.681,-508.846
650,1058.98875161431,-305.364620597247,1792.941,-517.003
650,1060.32397652399,-310.183040923511,1795.202,-525.161
650,1061.65920143368,-315.001461249774,1797.463,-533.319
650,1062.99442634337,-319.819881576038,1799.723,-541.477
650,1063.89386082735,-324.733235042333,1801.246,-549.796
650,1064.68381333288,-329.670438201917,1802.583,-558.155
650,1065.47376583842,-334.6076413615,1803.921,-566.514
650,1066.26371834395,-339.544844521084,1805.258,-574.873
650,1067.05367084948,-344.482047680668,1806.596,-583.232
650,1067.84362335502,-349.419250840251,1807.933,-591.591
650,1068.63357586055,-354.356453999835,1809.271,-599.950
650,1069.42352836608,-359.293657159418,1810.608,-608.309
650,1070.21348087162,-364.230860319002,1811.946,-616.668
650,1071.00343337715,-369.168063478585,1813.283,-625.027
650,1071.79338588268,-374.105266638169,1814.620,-633.386
650,1072.58333838822,-379.042469797752,1815.958,-641.745
650,1073.37329089375,-383.979672957336,1817.295,-650.104
650,1074.16324339928,-388.916876116919,1818.633,-658.463
650,1074.95319590482,-393.854079276503,1819.970,-666.822
650,1075.74314841035,-398.791282436086,1821.308,-675.181
650,1076.53310091588,-403.72848559567,1822.645,-683.540
650,1077.32305342142,-408.665688755253,1823.983,-691.899
650,1078.11300592695,-413.602891914837,1825.320,-700.258
650,1078.90295843248,-418.54009507442,1826.657,-708.617
650,1079.69291093802,-423.477298234004,1827.995,-716.976
650,1080.48286344355,-428.414501393587,1829.332,-725.335
650,1081.09941030412,-433.370398157153,1830.376,-733.726
650,1081.37986694517,-438.362526367896,1830.851,-742.178
650,1081.66032358622,-443.354654578638,1831.326,-750.630
650,1081.94078022727,-448.34678278938,1831.801,-759.082
650,1082.22123686833,-453.338911000122,1832.276,-767.534
650,1082.50169350938,-458.331039210865,1832.750,-775.986
650,1082.78215015043,-463.323167421607,1833.225,-784.438
650,1083.06260679149,-468.315295632349,1833.700,-792.890
650,1083.34306343254,-473.307423843092,1834.175,-801.342
650,1083.62352007359,-478.299552053834,1834.650,-809.794
650,1083.90397671464,-483.291680264576,1835.125,-818.246
650,1084.1844333557,-488.283808475319,1835.599,-826.698
650,1084.46488999675,-493.275936686061,1836.074,-835.150
650,1084.7453466378,-498.268064896803,1836.549,-843.602
650,1085.02580327886,-503.260193107546,1837.024,-852.054
650,1085.30625991991,-508.252321318288,1837.499,-860.506
650,1085.58671656096,-513.24444952903,1837.974,-868.958
650,1085.86717320202,-518.236577739773,1838.448,-877.410
650,1086.14762984307,-523.228705950515,1838.923,-885.862
650,1086.42808648412,-528.220834161257,1839.398,-894.314
650,1086.70854312517,-533.212962372,1839.873,-902.767
650,1086.98899976623,-538.205090582742,1840.348,-911.219
650,1087.26945640728,-543.197218793484,1840.823,-919.671
650,1087.54991304833,-548.189347004227,1841.297,-928.123
650,1087.83036968939,-553.181475214969,1841.772,-936.575
650,1088.11082633044,-558.173603425711,1842.247,-945.027
650,1088.39128297149,-563.165731636454,1842.722,-953.479
650,1088.67173961254,-568.157859847196,1843.197,-961.931
650,1088.9521962536,-573.149988057938,1843.672,-970.383
650,1089.23265289465,-578.14211626868,1844.146,-978.835
650,1089.5131095357,-583.134244479423,1844.621,-987.287
650,1089.79356617676,-588.126372690165,1845.096,-995.739
650,1090.07402281781,-593.118500900907,1845.571,-1004.191
650,1090.35447945886,-598.11062911165,1846.046,-1012.643
650,1090.63493609991,-603.102757322392,1846.521,-1021.095
650,1090.91539274097,-608.094885533134,1846.995,-1029.547
650,1091.19584938202,-613.087013743877,1847.470,-1037.999
650,1091.47630602307,-618.079141954619,1847.945,-1046.451
650,1091.75676266413,-623.071270165361,1848.420,-1054.903
650,1092.03721930518,-628.063398376104,1848.895,-1063.355
650,1092.27899254828,-633.057512766762,1849.304,-1071.810
650,1092.51129954504,-638.052113197153,1849.697,-1080.266
650,1092.7436065418,-643.046713627543,1850.091,-1088.723
650,1092.97591353857,-648.041314057933,1850.484,-1097.179
650,1093.20822053533,-653.035914488324,1850.877,-1105.635
650,1093.44052753209,-658.030514918714,1851.271,-1114.091
650,1093.67283452885,-663.025115349104,1851.664,-1122.547
650,1093.90514152562,-668.019715779495,1852.057,-1131.004
650,1094.13744852238,-673.014316209885,1852.451,-1139.460
650,1094.36975551914,-678.008916640275,1852.844,-1147.916
650,1094.6020625159,-683.003517070666,1853.237,-1156.372
650,1094.83436951266,-687.998117501056,1853.630,-1164.828
650,1095.06667650943,-692.992717931446,1854.024,-1173.285
650,1095.29898350619,-697.987318361837,1854.417,-1181.741
650,1095.53129050295,-702.981918792227,1854.810,-1190.197
650,1095.76359749971,-707.976519222617,1855.204,-1198.653
650,1095.99590449648,-712.971119653008,1855.597,-1207.110
650,1096.22821149324,-717.965720083398,1855.990,-1215.566
650,1096.46051849,-722.960320513788,1856.384,-1224.022
650,1096.69282548676,-727.954920944179,1856.777,-1232.478
650,1096.92513248353,-732.949521374569,1857.170,-1240.934
650,1097.15743948029,-737.944121804959,1857.564,-1249.391
650,1097.38974647705,-742.93872223535,1857.957,-1257.847
650,1097.62205347381,-747.93332266574,1858.350,-1266.303
650,1097.85436047057,-752.92792309613,1858.744,-1274.759
650,1098.08666746734,-757.922523526521,1859.137,-1283.215
650,1098.3189744641,-762.917123956911,1859.530,-1291.672
650,1098.55128146086,-767.911724387301,1859.923,-1300.128
650,1098.78358845762,-772.906324817692,1860.317,-1308.584
650,1099.01589545439,-777.900925248082,1860.710,-1317.040
650,1099.24820245115,-782.895525678472,1861.103,-1325.496
650,1099.48050944791,-787.890126108863,1861.497,-1333.953
650,1099.71281644467,-792.884726539253,1861.890,-1342.409
650,1099.94512344144,-797.879326969643,1862.283,-1350.865
650,1100.1774304382,-802.873927400034,1862.677,-1359.321
650,1100.40973743496,-807.868527830424,1863.070,-1367.777
650,1100.64204443172,-812.863128260814,1863.463,-1376.234
650,1100.87435142849,-817.857728691205,1863.857,-1384.690
650,1101.10665842525,-822.852329121595,1864.250,-1393.146
650,1101.33896542201,-827.846929551985,1864.643,-1401.602
650,1101.57127241877,-832.841529982376,1865.037,-1410.058
650,1101.80357941553,-837.836130412766,1865.430,-1418.515
650,1102.0358864123,-842.830730843156,1865.823,-1426.971
650,1102.26819340906,-847.825331273547,1866.216,-1435.427
650,1102.50050040582,-852.819931703937,1866.610,-1443.883
650,1102.73280740258,-857.814532134327,1867.003,-1452.339
650,1102.96511439935,-862.809132564718,1867.396,-1460.796
650,1103.19742139611,-867.803732995108,1867.790,-1469.252
650,1103.42972839287,-872.798333425498,1868.183,-1477.708
650,1103.66203538963,-877.792933855888,1868.576,-1486.164
650,1103.8943423864,-882.787534286279,1868.970,-1494.620
650,1104.12664938316,-887.782134716669,1869.363,-1503.077
650,1104.35895637992,-892.77673514706,1869.756,-1511.533
650,1104.59126337668,-897.77133557745,1870.150,-1519.989
650,1104.82357037344,-902.76593600784,1870.543,-1528.445
650,1105.05587737021,-907.76053643823,1870.936,-1536.902
650,1105.28818436697,-912.755136868621,1871.330,-1545.358
650,1105.62120679951,-917.743111772986,1871.893,-1553.803
650,1106.04520595152,-922.725101809016,1872.611,-1562.238
650,1106.46920510352,-927.707091845046,1873.329,-1570.672
650,1106.89320425552,-932.689081881075,1874.047,-1579.107
650,1107.31720340752,-937.671071917105,1874.765,-1587.542
650,1107.74120255953,-942.653061953135,1875.483,-1595.977
650,1108.16520171153,-947.635051989165,1876.200,-1604.412
650,1108.58920086353,-952.617042025195,1876.918,-1612.847
650,1109.01320001553,-957.599032061225,1877.636,-1621.282
650,1109.43719916754,-962.581022097255,1878.354,-1629.716
650,1109.86119831954,-967.563012133285,1879.072,-1638.151
650,1110.28519747154,-972.545002169315,1879.790,-1646.586
650,1110.70919662354,-977.526992205345,1880.508,-1655.021
650,1111.13319577555,-982.508982241374,1881.226,-1663.456
650,1111.55719492755,-987.490972277404,1881.943,-1671.891
650,1111.98119407955,-992.472962313434,1882.661,-1680.326
650,1112.40519323155,-997.454952349464,1883.379,-1688.760
650,1112.82919238356,-1002.43694238549,1884.097,-1697.195
650,1113.25319153556,-1007.41893242152,1884.815,-1705.630
650,1113.67719068756,-1012.40092245755,1885.533,-1714.065
650,1114.10118983956,-1017.38291249358,1886.251,-1722.500
650,1114.35299243416,-1022.37461370775,1886.677,-1730.951
650,1114.49182777036,-1027.37268581101,1886.912,-1739.413
650,1114.63066310657,-1032.37075791428,1887.147,-1747.875
650,1114.76949844277,-1037.36883001754,1887.382,-1756.337
650,1114.90833377897,-1042.36690212081,1887.617,-1764.799
650,1115.04716911517,-1047.36497422407,1887.852,-1773.261
650,1115.18600445137,-1052.36304632733,1888.087,-1781.724
650,1115.32483978758,-1057.3611184306,1888.322,-1790.186
650,1115.46367512378,-1062.35919053386,1888.557,-1798.648
650,1115.60251045998,-1067.35726263712,1888.792,-1807.110
650,1115.74134579618,-1072.35533474039,1889.027,-1815.572
650,1115.88018113238,-1077.35340684365,1889.262,-1824.034
650,1116.01901646858,-1082.35147894691,1889.498,-1832.496
650,1116.15785180479,-1087.34955105018,1889.733,-1840.958
650,1116.29668714099,-1092.34762315344,1889.968,-1849.420
650,1116.43552247719,-1097.3456952567,1890.203,-1857.882
650,1116.48683645727,-1102.34498269996,1890.290,-1866.346
650,1116.48683645727,-1107.34498269996,1890.290,-1874.812
650,1116.48683645727,-1112.34498269996,1890.290,-1883.277
650,1116.48683645727,-1117.34498269996,1890.290,-1891.742
650,1116.48683645727,-1122.34498269996,1890.290,-1900.208
650,1116.48683645727,-1127.34498269996,1890.290,-1908.673
650,1116.48683645727,-1132.34498269996,1890.290,-1917.139
650,1116.48683645727,-1137.34498269996,1890.290,-1925.604
650,1116.48683645727,-1142.34498269996,1890.290,-1934.069
650,1116.48683645727,-1147.34498269996,1890.290,-1942.535
650,1116.48683645727,-1152.34498269996,1890.290,-1951.000
650,1116.48683645727,-1157.34498269996,1890.290,-1959.465
650,1116.48683645727,-1162.34498269996,1890.290,-1967.931
650,1116.48683645727,-1167.34498269996,1890.290,-1976.396
650,1116.48683645727,-1172.34498269996,1890.290,-1984.861
650,1116.48683645727,-1177.34498269996,1890.290,-1993.327
650,1116.48683645727,-1182.34498269996,1890.290,-2001.792
650,1116.48683645727,-1187.34498269996,1890.290,-2010.257
650,1116.48683645727,-1192.34498269996,1890.290,-2018.723
650,1116.48683645727,-1197.34498269996,1890.290,-2027.188
650,1116.48683645727,-1202.34498269996,1890.290,-2035.653
650,1116.31734704138,-1207.33652931007,1890.003,-2044.104
650,1115.81982844628,-1212.31171526112,1889.160,-2052.528
650,1115.32230985117,-1217.28690121217,1888.318,-2060.951
650,1114.82479125607,-1222.26208716322,1887.476,-2069.374
650,1114.32727266096,-1227.23727311427,1886.633,-2077.798
650,1113.82975406586,-1232.21245906532,1885.791,-2086.221
650,1113.33223547075,-1237.18764501637,1884.949,-2094.644
650,1112.83471687565,-1242.16283096742,1884.106,-2103.068
650,1112.33719828054,-1247.13801691847,1883.264,-2111.491
650,1111.83967968544,-1252.11320286952,1882.422,-2119.914
650,1111.34216109033,-1257.08838882057,1881.579,-2128.338
650,1110.84464249523,-1262.06357477162,1880.737,-2136.761
650,1110.34712390012,-1267.03876072267,1879.895,-2145.184
650,1109.84960530502,-1272.01394667372,1879.052,-2153.608
650,1109.35208670991,-1276.98913262477,1878.210,-2162.031
650,1108.85456811481,-1281.96431857582,1877.368,-2170.454
650,1108.3570495197,-1286.93950452687,1876.525,-2178.878
650,1107.8595309246,-1291.91469047792,1875.683,-2187.301
650,1107.45682020515,-1296.89757687943,1875.001,-2195.737
650,1107.14492877437,-1301.88783977184,1874.473,-2204.186
650,1106.8330373436,-1306.87810266426,1873.945,-2212.635
650,1106.52114591282,-1311.86836555667,1873.417,-2221.084
650,1106.20925448205,-1316.85862844909,1872.889,-2229.533
650,1105.89736305127,-1321.8488913415,1872.361,-2237.982
650,1105.58547162049,-1326.83915423391,1871.833,-2246.431
650,1105.27358018972,-1331.82941712633,1871.305,-2254.880
650,1104.96168875894,-1336.81968001874,1870.777,-2263.328
650,1104.64979732817,-1341.80994291116,1870.249,-2271.777
650,1104.33790589739,-1346.80020580357,1869.721,-2280.226
650,1104.02601446661,-1351.79046869599,1869.193,-2288.675
650,1103.71412303584,-1356.7807315884,1868.665,-2297.124
650,1103.40223160506,-1361.77099448082,1868.136,-2305.573
650,1102.72238787317,-1366.68969709133,1866.985,-2313.900
650,1101.14124904309,-1371.43311358158,1864.308,-2321.931
650,1099.560110213,-1376.17653007183,1861.631,-2329.962
700,1076.56859772799,-136.719909178022,1822.705,-231.476
700,1077.39059266451,-141.651878797183,1824.097,-239.826
700,1078.21258760104,-146.583848416343,1825.489,-248.177
700,1079.03458253757,-151.515818035504,1826.880,-256.527
700,1079.85657747409,-156.447787654665,1828.272,-264.877
700,1080.67857241062,-161.379757273825,1829.664,-273.227
700,1081.50056734715,-166.311726892986,1831.055,-281.577
700,1082.32256228367,-171.243696512147,1832.447,-289.927
700,1083.1445572202,-176.175666131308,1833.839,-298.278
700,1083.96655215673,-181.107635750468,1835.230,-306.628
700,1084.78854709325,-186.039605369629,1836.622,-314.978
700,1085.61054202978,-190.97157498879,1838.014,-323.328
700,1086.43253696631,-195.90354460795,1839.406,-331.678
700,1087.25453190283,-200.835514227111,1840.797,-340.028
700,1088.07652683936,-205.767483846272,1842.189,-348.379
700,1088.89852177589,-210.699453465433,1843.581,-356.729
700,1089.72051671241,-215.631423084593,1844.972,-365.079
700,1090.54251164894,-220.563392703754,1846.364,-373.429
700,1091.36450658547,-225.495362322915,1847.756,-381.779
700,1092.18650152199,-230.427331942075,1849.147,-390.129
700,1093.00849645852,-235.359301561236,1850.539,-398.480
700,1093.83049139505,-240.291271180397,1851.931,-406.830
700,1094.72861124346,-245.209094430582,1853.451,-415.156
700,1095.73333196206,-250.107107933789,1855.152,-423.449
700,1096.73805268067,-255.005121436996,1856.854,-431.741
700,1097.74277339928,-259.903134940204,1858.555,-440.034
700,1098.74749411788,-264.801148443411,1860.256,-448.327
700,1099.75221483649,-269.699161946619,1861.957,-456.619
700,1100.7569355551,-274.597175449826,1863.658,-464.912
700,1101.7616562737,-279.495188953034,1865.359,-473.205
700,1102.76637699231,-284.393202456241,1867.060,-481.497
700,1103.77109771092,-289.291215959449,1868.761,-489.790
700,1104.77581842952,-294.189229462656,1870.462,-498.083
700,1105.78053914813,-299.087242965863,1872.163,-506.375
700,1106.78525986674,-303.985256469071,1873.864,-514.668
700,1107.78998058534,-308.883269972278,1875.565,-522.961
700,1108.79470130395,-313.781283475486,1877.266,-531.253
700,1109.79942202256,-318.679296978693,1878.967,-539.546
700,1110.80414274116,-323.577310481901,1880.668,-547.839
700,1111.80886345977,-328.475323985108,1882.369,-556.131
700,1113.31374147355,-333.234480182314,1884.917,-564.189
700,1114.97784206222,-337.949431850229,1887.735,-572.172
700,1116.6419426509,-342.664383518143,1890.552,-580.155
700,1118.30604323957,-347.379335186058,1893.370,-588.137
700,1119.97014382825,-352.094286853972,1896.187,-596.120
700,1121.63424441693,-356.809238521887,1899.005,-604.103
700,1123.2983450056,-361.524190189801,1901.822,-612.086
700,1124.96244559428,-366.239141857715,1904.639,-620.068
700,170.09192658375,-332.707372939176,287.977,-563.297
700,169.269931647223,-327.775403320015,286.586,-554.946
700,168.447936710696,-322.843433700855,285.194,-546.596
700,167.62594177417,-317.911464081694,283.802,-538.246
700,166.803946837643,-312.979494462533,282.411,-529.896
700,165.981951901116,-308.047524843372,281.019,-521.546
700,166.883413249983,-303.334809104971,282.545,-513.567
700,168.91410558025,-298.76575136187,285.983,-505.831
700,170.944797910517,-294.196693618769,289.421,-498.095
700,172.975490240785,-289.627635875668,292.859,-490.360
700,175.581945763924,-286.663424082356,297.272,-485.341
700,180.054081718924,-288.899492059856,304.844,-489.127
700,184.526217673924,-291.135560037356,312.416,-492.913
700,188.998353628923,-293.371628014856,319.987,-496.698
700,193.478446138162,-295.591512265136,327.572,-500.457
700,197.980190902372,-297.767355567837,335.194,-504.141
700,202.481935666581,-299.943198870538,342.816,-507.825
700,206.983680430791,-302.11904217324,350.438,-511.508
700,211.485425195001,-304.294885475941,358.059,-515.192
700,215.98716995921,-306.470728778643,365.681,-518.876
700,220.48891472342,-308.646572081344,373.303,-522.560
700,224.99065948763,-310.822415384045,380.925,-526.244
700,229.49240425184,-312.998258686747,388.547,-529.928
700,233.994149016049,-315.174101989448,396.168,-533.612
700,238.495893780259,-317.349945292149,403.790,-537.295
700,242.997638544469,-319.525788594851,411.412,-540.979
700,247.499383308678,-321.701631897552,419.034,-544.663
700,252.001128072888,-323.877475200253,426.655,-548.347
700,256.502872837098,-326.053318502955,434.277,-552.031
700,261.004617601308,-328.229161805656,441.899,-555.715
700,265.506362365517,-330.405005108358,449.521,-559.399
700,270.008107129727,-332.580848411059,457.142,-563.082
700,274.509851893937,-334.75669171376,464.764,-566.766
700,279.011596658147,-336.932535016462,472.386,-570.450
700,283.513341422356,-339.108378319163,480.008,-574.134
700,288.015086186566,-341.284221621864,487.630,-577.818
700,292.516830950776,-343.460064924566,495.251,-581.502
700,297.018575714985,-345.635908227267,502.873,-585.186
700,301.520320479195,-347.811751529968,510.495,-588.869
700,306.022065243405,-349.98759483267,518.117,-592.553
700,310.523810007615,-352.163438135371,525.738,-596.237
700,315.025554771824,-354.339281438073,533.360,-599.921
700,319.527299536034,-356.515124740774,540.982,-603.605
700,324.029044300244,-358.690968043475,548.604,-607.289
700,327.986999162912,-361.681734332765,555.305,-612.352
700,331.72404575633,-365.003553526914,561.632,-617.976
700,335.461092349748,-368.325372721064,567.959,-623.600
700,339.198138943167,-371.647191915214,574.286,-629.224
700,342.935185536585,-374.969011109363,580.613,-634.849
700,346.672232130003,-378.290830303513,586.940,-640.473
700,350.409278723421,-381.612649497662,593.267,-646.097
700,354.14632531684,-384.934468691812,599.594,-651.721
700,357.883371910258,-388.256287885962,605.921,-657.345
700,361.620418503676,-391.578107080111,612.248,-662.969
700,365.323278048667,-394.928273757995,618.518,-668.641
700,367.895756825805,-399.215738386558,622.873,-675.900
700,370.468235602943,-403.503203015121,627.228,-683.159
700,373.04071438008,-407.790667643684,631.584,-690.418
700,375.613193157218,-412.078132272246,635.939,-697.677
700,378.185671934356,-416.365596900809,640.295,-704.936
700,380.758150711493,-420.653061529372,644.650,-712.195
700,383.330629488631,-424.940526157934,649.005,-719.454
700,385.903108265768,-429.227990786497,653.361,-726.713
700,388.475587042906,-433.51545541506,657.716,-733.972
700,391.048065820044,-437.802920043623,662.071,-741.231
700,393.872666621174,-441.923536808899,666.854,-748.207
700,396.813525109549,-445.967217230415,671.833,-755.053
700,399.754383597924,-450.010897651931,676.812,-761.900
700,402.695242086299,-454.054578073447,681.791,-768.746
700,405.636100574675,-458.098258494963,686.770,-775.592
700,408.57695906305,-462.141938916479,691.749,-782.438
700,411.517817551425,-466.185619337995,696.728,-789.285
700,414.4586760398,-470.229299759511,701.707,-796.131
700,417.399534528176,-474.272980181027,706.686,-802.977
700,420.340393016551,-478.316660602542,711.665,-809.823
700,423.281251504926,-482.360341024058,716.644,-816.669
700,426.222109993301,-486.404021445574,721.624,-823.516
700,429.162968481676,-490.44770186709,726.603,-830.362
700,432.103826970052,-494.491382288606,731.582,-837.208
700,435.044685458427,-498.535062710122,736.561,-844.054
700,437.985543946802,-502.578743131638,741.540,-850.901
700,440.926402435177,-506.622423553154,746.519,-857.747
700,443.867260923553,-510.66610397467,751.498,-864.593
700,446.262436758631,-515.023122558515,755.553,-871.970
700,448.272387068807,-519.601342709471,758.956,-879.721
700,450.282337378983,-524.179562860428,762.359,-887.472
700,452.292287689159,-528.757783011384,765.762,-895.224
700,454.302237999335,-533.33600316234,769.165,-902.975
700,456.312188309511,-537.914223313297,772.568,-910.726
700,458.322138619687,-542.492443464253,775.971,-918.477
700,460.332088929863,-547.07066361521,779.374,-926.229
700,462.342039240039,-551.648883766166,782.777,-933.980
700,464.351989550215,-556.227103917123,786.180,-941.731
700,466.361939860391,-560.805324068079,789.583,-949.482
700,468.371890170567,-565.383544219035,792.986,-957.234
700,470.381840480743,-569.961764369992,796.389,-964.985
700,472.391790790919,-574.539984520948,799.792,-972.736
700,474.401741101095,-579.118204671905,803.195,-980.487
700,476.411691411271,-583.696424822861,806.598,-988.239
700,478.421641721447,-588.274644973818,810.001,-995.990
700,480.431592031623,-592.852865124774,813.404,-1003.741
700,482.441542341799,-597.43108527573,816.807,-1011.492
700,484.451492651974,-602.009305426687,820.210,-1019.243
700,486.108617203652,-606.721013840358,823.016,-1027.221
700,487.632495839171,-611.483134576355,825.596,-1035.283
700,489.15637447469,-616.245255312352,828.176,-1043.346
700,490.680253110209,-621.007376048348,830.756,-1051.409
700,492.204131745728,-625.769496784345,833.336,-1059.471
700,493.728010381247,-630.531617520342,835.916,-1067.534
700,495.251889016766,-635.293738256338,838.496,-1075.596
700,496.775767652285,-640.055858992335,841.076,-1083.659
700,498.299646287804,-644.817979728331,843.656,-1091.722
700,499.823524923323,-649.580100464328,846.236,-1099.784
700,501.347403558842,-654.342221200325,848.816,-1107.847
700,502.871282194361,-659.104341936321,851.396,-1115.909
700,504.395160829879,-663.866462672318,853.976,-1123.972
700,505.919039465398,-668.628583408315,856.556,-1132.035
700,507.442918100917,-673.390704144311,859.136,-1140.097
700,508.966796736436,-678.152824880308,861.716,-1148.160
700,510.490675371955,-682.914945616304,864.296,-1156.222
700,512.014554007474,-687.677066352301,866.876,-1164.285
700,513.538432642993,-692.439187088298,869.456,-1172.348
700,515.062311278512,-697.201307824294,872.036,-1180.410
700,516.586189914031,-701.963428560291,874.616,-1188.473
700,518.11006854955,-706.725549296287,877.196,-1196.535
700,519.633947185069,-711.487670032284,879.776,-1204.598
700,521.008185829062,-716.291925434124,882.103,-1212.732
700,522.192966730017,-721.149527128039,884.109,-1220.956
700,523.377747630972,-726.007128821955,886.115,-1229.180
700,524.562528531927,-730.86473051587,888.121,-1237.405
700,525.747309432882,-735.722332209786,890.127,-1245.629
700,526.932090333837,-740.579933903702,892.133,-1253.853
700,528.116871234792,-745.437535597617,894.138,-1262.077
700,529.301652135747,-750.295137291533,896.144,-1270.302
700,530.486433036702,-755.152738985449,898.150,-1278.526
700,531.671213937657,-760.010340679364,900.156,-1286.750
700,532.855994838612,-764.86794237328,902.162,-1294.974
700,534.040775739567,-769.725544067196,904.168,-1303.199
700,535.225556640522,-774.583145761111,906.174,-1311.423
700,536.410337541477,-779.440747455027,908.180,-1319.647
700,537.595118442432,-784.298349148943,910.186,-1327.871
700,538.779899343387,-789.155950842858,912.192,-1336.096
700,539.964680244342,-794.013552536774,914.198,-1344.320
700,541.149461145297,-798.87115423069,916.204,-1352.544
700,542.334242046252,-803.728755924605,918.209,-1360.768
700,543.987561018976,-808.437690805637,921.009,-1368.741
700,545.820183610889,-813.089732769722,924.111,-1376.617
700,547.652806202801,-817.741774733808,927.214,-1384.493
700,549.485428794714,-822.393816697893,930.317,-1392.370
700,551.318051386626,-827.045858661979,933.420,-1400.246
700,553.150673978539,-831.697900626064,936.522,-1408.122
700,554.983296570451,-836.34994259015,939.625,-1415.998
700,556.815919162363,-841.001984554235,942.728,-1423.875
700,558.648541754276,-845.654026518321,945.831,-1431.751
700,560.481164346188,-850.306068482406,948.933,-1439.627
700,562.313786938101,-854.958110446491,952.036,-1447.503
700,564.146409530013,-859.610152410577,955.139,-1455.380
700,565.979032121926,-864.262194374662,958.242,-1463.256
700,567.811654713838,-868.914236338748,961.344,-1471.132
700,569.644277305751,-873.566278302833,964.447,-1479.008
700,571.476899897663,-878.218320266919,967.550,-1486.884
700,572.555200737063,-883.100133814146,969.376,-1495.150
700,573.627237211276,-887.983855530006,971.191,-1503.418
700,574.699273685489,-892.867577245865,973.006,-1511.687
700,575.771310159702,-897.751298961725,974.821,-1519.955
700,576.843346633915,-902.635020677584,976.636,-1528.224
700,577.915383108128,-907.518742393444,978.451,-1536.492
700,578.987419582341,-912.402464109303,980.266,-1544.761
700,580.059456056554,-917.286185825162,982.081,-1553.029
700,581.131492530767,-922.169907541022,983.896,-1561.298
700,582.20352900498,-927.053629256881,985.711,-1569.566
700,583.275565479193,-931.937350972741,987.526,-1577.835
700,584.347601953406,-936.8210726886,989.341,-1586.103
700,585.419638427619,-941.70479440446,991.156,-1594.371
700,586.491674901832,-946.588516120319,992.971,-1602.640
700,587.563711376045,-951.472237836178,994.786,-1610.908
700,588.635747850258,-956.355959552038,996.601,-1619.177
700,589.707784324472,-961.239681267897,998.416,-1627.445
700,590.779820798684,-966.123402983757,1000.231,-1635.714
700,591.672062361898,-971.037485884664,1001.742,-1644.034
700,592.263126810824,-976.002427255639,1002.743,-1652.440
700,592.854191259749,-980.967368626614,1003.743,-1660.846
700,593.445255708675,-985.932309997589,1004.744,-1669.252
700,594.036320157601,-990.897251368563,1005.745,-1677.658
700,594.627384606526,-995.862192739538,1006.745,-1686.064
700,595.218449055452,-1000.82713411051,1007.746,-1694.470
700,595.809513504377,-1005.79207548149,1008.747,-1702.876
700,596.400577953303,-1010.75701685246,1009.748,-1711.282
700,596.991642402228,-1015.72195822344,1010.748,-1719.688
700,597.582706851154,-1020.68689959441,1011.749,-1728.094
700,598.173771300079,-1025.65184096539,1012.750,-1736.500
700,598.764835749005,-1030.61678233636,1013.750,-1744.906
700,599.355900197931,-1035.58172370734,1014.751,-1753.312
700,599.946964646856,-1040.54666507831,1015.752,-1761.718
700,600.538029095782,-1045.51160644929,1016.753,-1770.124
700,601.129093544707,-1050.47654782026,1017.753,-1778.530
700,601.720157993633,-1055.44148919123,1018.754,-1786.936
700,602.311222442558,-1060.40643056221,1019.755,-1795.342
700,602.769029702457,-1065.3842948435,1020.530,-1803.769
700,603.142979443665,-1070.37029139295,1021.163,-1812.211
700,603.516929184873,-1075.35628794239,1021.796,-1820.653
700,603.890878926081,-1080.34228449183,1022.429,-1829.094
700,604.26482866729,-1085.32828104127,1023.062,-1837.536
700,604.638778408498,-1090.31427759072,1023.695,-1845.978
700,605.012728149706,-1095.30027414016,1024.328,-1854.419
700,605.386677890914,-1100.2862706896,1024.962,-1862.861
700,605.760627632122,-1105.27226723904,1025.595,-1871.303
700,606.13457737333,-1110.25826378849,1026.228,-1879.744
700,606.508527114539,-1115.24426033793,1026.861,-1888.186
700,606.882476855747,-1120.23025688737,1027.494,-1896.627
700,607.256426596955,-1125.21625343681,1028.127,-1905.069
700,607.630376338163,-1130.20224998625,1028.760,-1913.511
700,608.004326079371,-1135.1882465357,1029.393,-1921.952
700,608.378275820579,-1140.17424308514,1030.027,-1930.394
700,608.752225561788,-1145.16023963458,1030.660,-1938.836
700,609.126175302996,-1150.14623618402,1031.293,-1947.277
700,610.597965360624,-1154.89615196503,1033.785,-1955.319
700,612.306680676057,-1159.59511908247,1036.678,-1963.275
700,614.015395991491,-1164.29408619991,1039.571,-1971.231
700,615.724111306924,-1168.99305331735,1042.464,-1979.186
700,617.432826622358,-1173.6920204348,1045.357,-1987.142
700,619.141541937791,-1178.39098755224,1048.250,-1995.098
700,620.850257253225,-1183.08995466968,1051.143,-2003.053
700,622.558972568658,-1187.78892178712,1054.035,-2011.009
700,624.267687884092,-1192.48788890456,1056.928,-2018.965
700,625.976403199526,-1197.18685602201,1059.821,-2026.920
700,628.429574219909,-1201.43085229822,1063.975,-2034.106
700,631.831829716746,-1205.09481975635,1069.735,-2040.309
700,635.234085213582,-1208.75878721448,1075.495,-2046.512
700,638.636340710418,-1212.42275467261,1081.256,-2052.716
700,642.038596207255,-1216.08672213074,1087.016,-2058.919
700,645.440851704091,-1219.75068958887,1092.776,-2065.122
700,648.843107200928,-1223.414657047,1098.536,-2071.326
700,652.245362697764,-1227.07862450514,1104.297,-2077.529
700,655.6476181946,-1230.74259196327,1110.057,-2083.733
700,658.869942021563,-1234.56549541737,1115.512,-2090.205
700,662.085902453679,-1238.39401974132,1120.957,-2096.687
700,665.301862885796,-1242.22254406526,1126.402,-2103.169
700,668.517823317912,-1246.05106838921,1131.847,-2109.651
700,671.733783750028,-1249.87959271316,1137.292,-2116.133
700,674.949744182145,-1253.70811703711,1142.737,-2122.615
700,678.165704614261,-1257.53664136106,1148.182,-2129.097
700,681.381665046377,-1261.36516568501,1153.626,-2135.579
700,684.597625478494,-1265.19369000895,1159.071,-2142.061
700,687.81358591061,-1269.0222143329,1164.516,-2148.543
700,691.029546342726,-1272.85073865685,1169.961,-2155.025
700,694.245506774843,-1276.6792629808,1175.406,-2161.506
700,697.461467206959,-1280.50778730475,1180.851,-2167.988
700,700.677427639075,-1284.33631162869,1186.295,-2174.470
700,703.289468314168,-1288.53657948752,1190.718,-2181.582
700,705.259064807064,-1293.13230463761,1194.052,-2189.363
700,707.228661299959,-1297.7280297877,1197.387,-2197.143
700,709.198257792855,-1302.32375493779,1200.722,-2204.924
700,711.167854285751,-1306.91948008788,1204.056,-2212.705
700,713.137450778647,-1311.51520523797,1207.391,-2220.486
700,715.107047271543,-1316.11093038806,1210.726,-2228.267
700,717.076643764439,-1320.70665553815,1214.060,-2236.048
700,719.046240257334,-1325.30238068824,1217.395,-2243.829
700,721.01583675023,-1329.89810583833,1220.730,-2251.610
700,721.842112248211,-1334.57645894082,1222.129,-2259.530
700,720.553798995409,-1339.40763363883,1219.948,-2267.710
700,719.265485742608,-1344.23880833683,1217.766,-2275.889
700,717.977172489806,-1349.06998303484,1215.585,-2284.069
700,716.688859237004,-1353.90115773284,1213.404,-2292.248
700,715.400545984203,-1358.73233243085,1211.223,-2300.428
700,714.112232731401,-1363.56350712886,1209.042,-2308.608
700,711.778047599206,-1367.79168173057,1205.090,-2315.766
700,708.242513693273,-1371.32721563651,1199.104,-2321.752
700,704.70697978734,-1374.86274954244,1193.118,-2327.738
700,701.171445881408,-1378.39828344837,1187.132,-2333.724
700,172.309606513154,-341.578092656795,291.732,-578.315
700,175.045853328067,-345.762940726663,296.365,-585.401
700,177.782100142981,-349.947788796531,300.997,-592.486
700,180.518346957894,-354.132636866399,305.630,-599.571
700,183.254593772808,-358.317484936266,310.263,-606.656
700,185.990840587721,-362.502333006134,314.895,-613.742
700,188.727087402635,-366.687181076002,319.528,-620.827
700,191.463334217549,-370.872029145869,324.161,-627.912
700,194.199581032462,-375.056877215737,328.793,-634.997
700,196.935827847376,-379.241725285605,333.426,-642.083
700,199.672074662289,-383.426573355473,338.059,-649.168
700,202.408321477203,-387.61142142534,342.691,-656.253
700,205.144568292116,-391.796269495208,347.324,-663.338
700,207.88081510703,-395.981117565076,351.957,-670.423
700,210.415671833232,-400.269969236364,356.248,-677.685
700,212.243933695347,-404.923726703566,359.344,-685.564
700,214.072195557462,-409.577484170768,362.439,-693.443
700,215.900457419577,-414.231241637969,365.534,-701.322
700,217.728719281692,-418.884999105171,368.630,-709.201
700,219.556981143807,-423.538756572373,371.725,-717.080
700,221.385243005922,-428.192514039575,374.821,-724.960
700,223.213504868037,-432.846271506776,377.916,-732.839
700,225.041766730151,-437.500028973978,381.011,-740.718
700,226.870028592266,-442.15378644118,384.107,-748.597
700,228.698290454381,-446.807543908381,387.202,-756.476
700,230.526552316496,-451.461301375583,390.297,-764.355
700,232.354814178611,-456.115058842785,393.393,-772.234
700,234.183076040726,-460.768816309987,396.488,-780.114
700,234.972966868638,-465.689946724461,397.826,-788.445
700,235.619662788977,-470.647948780392,398.920,-796.840
700,236.266358709316,-475.605950836323,400.015,-805.234
700,236.913054629655,-480.563952892254,401.110,-813.628
700,237.559750549994,-485.521954948185,402.205,-822.022
700,238.206446470332,-490.479957004117,403.300,-830.417
700,238.853142390671,-495.437959060048,404.395,-838.811
700,239.49983831101,-500.395961115979,405.490,-847.205
700,240.146534231349,-505.35396317191,406.585,-855.599
700,240.793230151688,-510.311965227841,407.680,-863.994
700,240.161613295748,-515.155670454832,406.610,-872.194
700,238.645595009363,-519.920299354899,404.044,-880.261
700,237.129576722979,-524.684928254965,401.477,-888.328
700,235.613558436594,-529.449557155031,398.910,-896.395
700,234.097540150209,-534.214186055098,396.343,-904.462
700,232.581521863824,-538.978814955164,393.777,-912.528
700,231.06550357744,-543.74344385523,391.210,-920.595
700,229.549485291055,-548.508072755297,388.643,-928.662
700,228.03346700467,-553.272701655363,386.076,-936.729
700,226.517448718285,-558.037330555429,383.510,-944.796
700,224.529727225761,-562.569210910164,380.144,-952.469
700,221.67076391732,-566.671201744014,375.304,-959.414
700,218.811800608879,-570.773192577863,370.464,-966.359
700,215.952837300439,-574.875183411713,365.623,-973.304
700,213.093873991998,-578.977174245563,360.783,-980.248
700,210.234910683557,-583.079165079413,355.942,-987.193
700,207.375947375116,-587.181155913263,351.102,-994.138
700,204.516984066675,-591.283146747113,346.261,-1001.083
700,201.658020758234,-595.385137580963,341.421,-1008.028
700,198.799057449793,-599.487128414813,336.581,-1014.973
700,195.940094141353,-603.589119248663,331.740,-1021.918
700,193.081130832912,-607.691110082513,326.900,-1028.863
700,190.222167524471,-611.793100916363,322.059,-1035.808
700,187.36320421603,-615.895091750213,317.219,-1042.753
700,184.504240907589,-619.997082584063,312.378,-1049.698
700,181.645277599148,-624.099073417913,307.538,-1056.643
700,178.786314290707,-628.201064251763,302.698,-1063.588
700,175.927350982266,-632.303055085612,297.857,-1070.533
700,173.111998196467,-636.434775707375,293.091,-1077.528
700,170.33849721534,-640.595027179064,288.395,-1084.572
700,167.564996234214,-644.755278650753,283.699,-1091.615
700,164.791495253088,-648.915530122442,279.003,-1098.659
700,162.017994271962,-653.075781594132,274.308,-1105.703
700,159.244493290836,-657.236033065821,269.612,-1112.746
700,156.47099230971,-661.39628453751,264.916,-1119.790
700,153.697491328584,-665.556536009199,260.221,-1126.833
700,150.923990347457,-669.716787480888,255.525,-1133.877
700,148.150489366331,-673.877038952578,250.829,-1140.921
700,145.376988385205,-678.037290424267,246.133,-1147.964
700,142.603487404079,-682.197541895956,241.438,-1155.008
700,139.829986422953,-686.357793367645,236.742,-1162.051
700,136.936531025157,-690.434491895974,231.843,-1168.953
700,133.995672536781,-694.47817231749,226.864,-1175.800
700,131.054814048406,-698.521852739006,221.885,-1182.646
700,128.113955560031,-702.565533160522,216.906,-1189.492
700,125.173097071656,-706.609213582038,211.927,-1196.338
700,122.232238583281,-710.652894003554,206.948,-1203.185
700,119.085288207438,-911.521834513844,201.620,-1543.270
700,120.90728495034,-916.178048412372,204.704,-1551.153
700,122.729281693243,-920.834262310901,207.789,-1559.036
700,124.551278436145,-925.49047620943,210.874,-1566.920
700,126.373275179048,-930.146690107959,213.959,-1574.803
700,128.19527192195,-934.802904006487,217.043,-1582.686
700,130.017268664853,-939.459117905016,220.128,-1590.569
700,131.839265407755,-944.115331803545,223.213,-1598.453
700,133.661262150658,-948.771545702074,226.298,-1606.336
700,135.483258893561,-953.427759600602,229.383,-1614.219
700,137.305255636463,-958.083973499131,232.467,-1622.103
700,139.221111240124,-962.671518716666,235.711,-1629.870
700,143.107335593662,-965.817509860006,242.291,-1635.196
700,146.993559947199,-968.963501003346,248.870,-1640.522
700,150.879784300736,-972.109492146686,255.450,-1645.849
700,154.766008654274,-975.255483290025,262.030,-1651.175
700,158.652233007811,-978.401474433365,268.609,-1656.502
700,162.538457361349,-981.547465576705,275.189,-1661.828
700,166.424681714886,-984.693456720045,281.769,-1667.154
700,170.310906068423,-987.839447863385,288.348,-1672.481
700,174.197130421961,-990.985439006725,294.928,-1677.807
700,178.083354775498,-994.131430150064,301.507,-1683.133
700,181.969579129036,-997.277421293404,308.087,-1688.460
700,185.815637718064,-1000.46453027469,314.599,-1693.856
700,189.051791827743,-1004.27600067054,320.078,-1700.309
700,192.287945937423,-1008.08747106638,325.557,-1706.762
700,195.524100047103,-1011.89894146223,331.036,-1713.215
700,198.760254156783,-1015.71041185807,336.515,-1719.668
700,201.996408266462,-1019.52188225392,341.994,-1726.121
700,205.232562376142,-1023.33335264976,347.473,-1732.574
700,208.468716485822,-1027.14482304561,352.952,-1739.027
700,211.704870595502,-1030.95629344145,358.431,-1745.480
700,214.941024705181,-1034.7677638373,363.910,-1751.934
700,218.177178814861,-1038.57923423314,369.389,-1758.387
700,221.413332924541,-1042.39070462899,374.868,-1764.840
700,224.64948703422,-1046.20217502483,380.347,-1771.293
700,227.8856411439,-1050.01364542068,385.826,-1777.746
700,231.12179525358,-1053.82511581652,391.305,-1784.199
700,234.35794936326,-1057.63658621237,396.784,-1790.652
700,237.594103472939,-1061.44805660821,402.263,-1797.105
700,240.830257582619,-1065.25952700406,407.742,-1803.558
700,244.066411692299,-1069.0709973999,413.221,-1810.011
700,247.302565801979,-1072.88246779575,418.700,-1816.464
700,250.538719911658,-1076.69393819159,424.179,-1822.917
700,253.774874021338,-1080.50540858744,429.658,-1829.371
700,257.011028131018,-1084.31687898328,435.137,-1835.824
700,260.247182240698,-1088.12834937913,440.617,-1842.277
700,263.483336350377,-1091.93981977497,446.096,-1848.730
700,266.719490460057,-1095.75129017082,451.575,-1855.183
700,269.955644569737,-1099.56276056666,457.054,-1861.636
700,273.191798679416,-1103.37423096251,462.533,-1868.089
700,276.427952789096,-1107.18570135835,468.012,-1874.542
700,279.664106898776,-1110.9971717542,473.491,-1880.995
700,282.900261008456,-1114.80864215004,478.970,-1887.448
700,286.133771197439,-1118.62235035992,484.444,-1893.905
700,289.358125893488,-1122.44380777746,489.903,-1900.375
700,292.582480589537,-1126.265265195,495.362,-1906.845
700,295.806835285586,-1130.08672261254,500.821,-1913.315
700,299.031189981635,-1133.90818003007,506.281,-1919.785
700,302.255544677683,-1137.72963744761,511.740,-1926.255
700,305.479899373732,-1141.55109486515,517.199,-1932.725
700,308.704254069781,-1145.37255228269,522.658,-1939.195
700,311.92860876583,-1149.19400970023,528.117,-1945.665
700,315.152963461879,-1153.01546711777,533.576,-1952.135
700,318.377318157928,-1156.83692453531,539.035,-1958.605
700,321.601672853977,-1160.65838195285,544.494,-1965.075
700,324.826027550026,-1164.47983937039,549.953,-1971.545
700,328.050382246075,-1168.30129678793,555.412,-1978.015
700,331.274736942124,-1172.12275420547,560.871,-1984.485
700,334.499091638173,-1175.94421162301,566.330,-1990.955
700,337.723446334221,-1179.76566904055,571.789,-1997.425
700,340.94780103027,-1183.58712645809,577.248,-2003.895
700,344.172155726319,-1187.40858387563,582.707,-2010.365
700,347.295409436754,-1191.31195652805,587.995,-2016.974
700,350.365112504329,-1195.25871761493,593.192,-2023.656
700,353.434815571904,-1199.20547870181,598.390,-2030.338
700,356.504518639478,-1203.15223978869,603.587,-2037.020
700,359.574221707053,-1207.09900087558,608.784,-2043.702
700,362.643924774627,-1211.04576196246,613.981,-2050.384
700,365.713627842202,-1214.99252304934,619.179,-2057.067
700,368.783330909777,-1218.93928413622,624.376,-2063.749
700,371.853033977351,-1222.8860452231,629.573,-2070.431
700,374.922737044926,-1226.83280630998,634.770,-2077.113
700,377.9924401125,-1230.77956739687,639.967,-2083.795
700,381.062143180075,-1234.72632848375,645.165,-2090.477
700,384.13184624765,-1238.67308957063,650.362,-2097.159
700,387.201549315224,-1242.61985065751,655.559,-2103.842
700,390.271252382799,-1246.56661174439,660.756,-2110.524
700,393.726970734375,-1250.13677113713,666.607,-2116.568
700,397.596757230392,-1253.30296008842,673.159,-2121.929
700,401.466543726408,-1256.46914903971,679.711,-2127.289
700,405.336330222425,-1259.63533799099,686.262,-2132.650
700,409.206116718441,-1262.80152694228,692.814,-2138.011
700,413.075903214458,-1265.96771589356,699.366,-2143.371
700,416.945689710475,-1269.13390484485,705.918,-2148.732
700,420.815476206491,-1272.30009379614,712.470,-2154.092
700,424.685262702508,-1275.46628274742,719.022,-2159.453
700,428.555049198525,-1278.63247169871,725.573,-2164.813
700,432.424835694541,-1281.79866065,732.125,-2170.174
700,436.294622190558,-1284.96484960128,738.677,-2175.535
700,440.164408686574,-1288.13103855257,745.229,-2180.895
700,443.591173094572,-1291.76394714844,751.031,-2187.046
700,446.954537064554,-1295.46364751542,756.725,-2193.310
700,450.317901034535,-1299.1633478824,762.419,-2199.574
700,453.681265004517,-1302.86304824938,768.114,-2205.837
700,457.044628974498,-1306.56274861636,773.808,-2212.101
700,460.40799294448,-1310.26244898334,779.503,-2218.365
700,463.771356914462,-1313.96214935032,785.197,-2224.629
700,467.134720884443,-1317.6618497173,790.891,-2230.893
700,470.498084854425,-1321.36155008428,796.586,-2237.157
700,473.861448824406,-1325.06125045126,802.280,-2243.421
700,477.224812794388,-1328.76095081824,807.975,-2249.684
700,480.588176764369,-1332.46065118522,813.669,-2255.948
700,483.951540734351,-1336.1603515522,819.363,-2262.212
700,487.766970024318,-1339.35970221637,825.823,-2267.629
700,491.78785073165,-1342.33165752179,832.631,-2272.661
700,495.808731438982,-1345.30361282721,839.439,-2277.692
700,499.829612146313,-1348.27556813263,846.246,-2282.724
700,503.850492853645,-1351.24752343805,853.054,-2287.756
700,507.871373560976,-1354.21947874347,859.861,-2292.787
700,511.892254268308,-1357.19143404889,866.669,-2297.819
700,515.91313497564,-1360.16338935431,873.477,-2302.851
700,519.934015682971,-1363.13534465973,880.284,-2307.883
700,523.954896390303,-1366.10729996515,887.092,-2312.914
700,527.975777097635,-1369.07925527056,893.900,-2317.946
700,531.996657804966,-1372.05121057598,900.707,-2322.978
650,828.742865616992,-1377.23461968886,1403.119,-2331.754
650,826.170386839854,-1372.9471550603,1398.764,-2324.495
650,823.597908062716,-1368.65969043174,1394.408,-2317.236
650,821.025429285579,-1364.37222580318,1390.053,-2309.977
650,818.452950508441,-1360.08476117461,1385.698,-2302.718
650,815.880471731304,-1355.79729654605,1381.342,-2295.459
650,813.307992954166,-1351.50983191749,1376.987,-2288.200
650,810.735514177028,-1347.22236728892,1372.631,-2280.941
650,808.163035399891,-1342.93490266036,1368.276,-2273.682
650,805.590556622753,-1338.6474380318,1363.921,-2266.423
650,803.018077845615,-1334.35997340324,1359.565,-2259.164
650,800.445599068478,-1330.07250877467,1355.210,-2251.905
650,797.87312029134,-1325.78504414611,1350.854,-2244.646
650,795.300641514203,-1321.49757951755,1346.499,-2237.387
650,792.728162737065,-1317.21011488899,1342.144,-2230.128
650,790.155683959927,-1312.92265026042,1337.788,-2222.869
650,787.58320518279,-1308.63518563186,1333.433,-2215.610
650,785.010726405652,-1304.3477210033,1329.078,-2208.351
650,782.438247628514,-1300.06025637473,1324.722,-2201.092
650,779.865768851377,-1295.77279174617,1320.367,-2193.833
650,777.293290074239,-1291.48532711761,1316.011,-2186.574
650,774.720811297101,-1287.19786248905,1311.656,-2179.315
650,772.148332519964,-1282.91039786048,1307.301,-2172.056
650,769.575853742826,-1278.62293323192,1302.945,-2164.797
650,767.003374965689,-1274.33546860336,1298.590,-2157.538
650,764.430896188551,-1270.0480039748,1294.234,-2150.279
650,761.858417411413,-1265.76053934623,1289.879,-2143.020
650,759.285938634276,-1261.47307471767,1285.524,-2135.761
650,756.713459857138,-1257.18561008911,1281.168,-2128.502
650,754.14098108,-1252.89814546054,1276.813,-2121.243
650,751.568502302863,-1248.61068083198,1272.458,-2113.984
650,748.996023525725,-1244.32321620342,1268.102,-2106.725
650,746.423544748588,-1240.03575157486,1263.747,-2099.466
650,743.85106597145,-1235.74828694629,1259.391,-2092.207
650,741.278587194312,-1231.46082231773,1255.036,-2084.949
650,738.706108417175,-1227.17335768917,1250.681,-2077.690
650,736.133629640037,-1222.88589306061,1246.325,-2070.431
650,733.561150862899,-1218.59842843204,1241.970,-2063.172
650,730.988672085762,-1214.31096380348,1237.614,-2055.913
650,728.416193308624,-1210.02349917492,1233.259,-2048.654
650,725.843714531487,-1205.73603454635,1228.904,-2041.395
650,723.271235754349,-1201.44856991779,1224.548,-2034.136
650,720.698756977211,-1197.16110528923,1220.193,-2026.877
650,718.126278200074,-1192.87364066067,1215.838,-2019.618
650,715.582830097637,-1188.57231076225,1211.531,-2012.335
650,713.86492244132,-1183.87669650165,1208.623,-2004.385
650,712.147014785002,-1179.18108224105,1205.714,-1996.435
650,710.429107128685,-1174.48546798045,1202.806,-1988.485
650,708.711199472367,-1169.78985371985,1199.897,-1980.535
650,706.993291816049,-1165.09423945924,1196.989,-1972.585
650,705.275384159732,-1160.39862519864,1194.080,-1964.635
650,703.557476503414,-1155.70301093804,1191.172,-1956.685
650,701.839568847096,-1151.00739667744,1188.263,-1948.735
650,700.121661190779,-1146.31178241684,1185.354,-1940.785
650,698.403753534461,-1141.61616815624,1182.446,-1932.835
650,696.685845878143,-1136.92055389563,1179.537,-1924.885
650,694.967938221826,-1132.22493963503,1176.629,-1916.935
650,693.250030565508,-1127.52932537443,1173.720,-1908.985
650,691.53212290919,-1122.83371111383,1170.812,-1901.035
650,689.814215252873,-1118.13809685323,1167.903,-1893.085
650,688.096307596555,-1113.44248259263,1164.995,-1885.135
650,686.378399940237,-1108.74686833203,1162.086,-1877.185
650,684.66049228392,-1104.05125407142,1159.178,-1869.235
650,682.942584627602,-1099.35563981082,1156.269,-1861.285
650,681.63602177161,-1094.53875435493,1154.057,-1853.130
650,680.531893508621,-1089.66218786006,1152.188,-1844.874
650,679.427765245632,-1084.7856213652,1150.318,-1836.617
650,678.323636982643,-1079.90905487033,1148.449,-1828.361
650,677.219508719654,-1075.03248837546,1146.580,-1820.105
650,676.115380456665,-1070.15592188059,1144.710,-1811.848
650,675.011252193676,-1065.27935538572,1142.841,-1803.592
650,673.907123930687,-1060.40278889086,1140.971,-1795.335
650,672.802995667698,-1055.52622239599,1139.102,-1787.079
650,671.698867404709,-1050.64965590112,1137.233,-1778.823
650,670.59473914172,-1045.77308940625,1135.363,-1770.566
650,669.490610878731,-1040.89652291138,1133.494,-1762.310
650,668.386482615742,-1036.01995641652,1131.625,-1754.054
650,667.282354352753,-1031.14338992165,1129.755,-1745.797
650,666.178226089764,-1026.26682342678,1127.886,-1737.541
650,665.074097826775,-1021.39025693191,1126.017,-1729.284
650,663.969969563786,-1016.51369043704,1124.147,-1721.028
650,662.865841300797,-1011.63712394218,1122.278,-1712.772
650,661.761713037808,-1006.76055744731,1120.408,-1704.515
650,660.657584774819,-1001.88399095244,1118.539,-1696.259
650,659.553456511831,-997.007424457572,1116.670,-1688.003
650,658.449328248842,-992.130857962704,1114.800,-1679.746
650,657.345199985853,-987.254291467836,1112.931,-1671.490
650,656.241071722864,-982.377724972968,1111.062,-1663.234
650,654.853112783289,-977.581124845029,1108.712,-1655.113
650,653.249077614887,-972.84540196689,1105.996,-1647.095
650,651.645042446485,-968.109679088751,1103.280,-1639.077
650,650.041007278084,-963.373956210612,1100.564,-1631.059
650,648.436972109682,-958.638233332473,1097.849,-1623.041
650,646.83293694128,-953.902510454334,1095.133,-1615.023
650,645.228901772878,-949.166787576195,1092.417,-1607.005
650,643.624866604476,-944.431064698056,1089.702,-1598.987
650,642.020831436074,-939.695341819917,1086.986,-1590.969
650,640.416796267672,-934.959618941778,1084.270,-1582.951
650,638.81276109927,-930.223896063639,1081.554,-1574.934
650,637.208725930868,-925.4881731855,1078.839,-1566.916
650,635.604690762466,-920.752450307361,1076.123,-1558.898
650,634.000655594064,-916.016727429222,1073.407,-1550.880
650,632.396620425662,-911.281004551083,1070.691,-1542.862
650,630.79258525726,-906.545281672943,1067.976,-1534.844
650,629.188550088858,-901.809558794804,1065.260,-1526.826
650,627.584514920456,-897.073835916665,1062.544,-1518.808
650,625.980479752054,-892.338113038526,1059.828,-1510.790
650,624.376444583653,-887.602390160387,1057.113,-1502.772
650,622.772409415251,-882.866667282248,1054.397,-1494.754
650,621.168374246849,-878.130944404109,1051.681,-1486.737
650,619.564339078447,-873.39522152597,1048.965,-1478.719
650,617.960303910045,-868.659498647831,1046.250,-1470.701
650,616.356268741643,-863.923775769692,1043.534,-1462.683
650,614.752233573241,-859.188052891553,1040.818,-1454.665
650,613.148198404839,-854.452330013414,1038.102,-1446.647
650,611.544163236437,-849.716607135275,1035.387,-1438.629
650,609.940128068035,-844.980884257136,1032.671,-1430.611
650,608.298176075982,-840.258322711868,1029.891,-1422.616
650,606.623127737708,-835.547249260472,1027.055,-1414.639
650,604.948079399434,-830.836175809077,1024.219,-1406.663
650,603.27303106116,-826.125102357681,1021.383,-1398.687
650,601.597982722886,-821.414028906285,1018.547,-1390.711
650,599.922934384612,-816.702955454889,1015.711,-1382.735
650,598.247886046338,-811.991882003494,1012.875,-1374.759
650,596.572837708064,-807.280808552098,1010.039,-1366.782
650,594.89778936979,-802.569735100702,1007.203,-1358.806
650,593.222741031516,-797.858661649307,1004.367,-1350.830
650,591.547692693242,-793.147588197911,1001.531,-1342.854
650,589.872644354968,-788.436514746515,998.695,-1334.878
650,588.197596016694,-783.725441295119,995.859,-1326.901
650,586.52254767842,-779.014367843724,993.023,-1318.925
650,584.847499340146,-774.303294392328,990.187,-1310.949
650,583.172451001872,-769.592220940932,987.351,-1302.973
650,581.497402663598,-764.881147489537,984.515,-1294.997
650,579.822354325324,-760.170074038141,981.679,-1287.021
650,578.14730598705,-755.459000586745,978.843,-1279.044
650,576.472257648776,-750.74792713535,976.007,-1271.068
650,574.797209310501,-746.036853683954,973.172,-1263.092
650,573.284334442277,-741.276802706448,970.610,-1255.033
650,572.071656317095,-736.426090205721,968.557,-1246.820
650,570.858978191913,-731.575377704994,966.504,-1238.608
650,569.646300066732,-726.724665204268,964.451,-1230.395
650,568.43362194155,-721.873952703541,962.398,-1222.183
650,567.220943816368,-717.023240202814,960.344,-1213.970
650,566.008265691187,-712.172527702088,958.291,-1205.757
650,564.795587566005,-707.321815201361,956.238,-1197.545
650,563.582909440823,-702.471102700635,954.185,-1189.332
650,562.370231315642,-697.620390199908,952.132,-1181.120
650,561.15755319046,-692.769677699181,950.079,-1172.907
650,559.944875065278,-687.918965198455,948.025,-1164.694
650,558.732196940097,-683.068252697728,945.972,-1156.482
650,557.519518814915,-678.217540197001,943.919,-1148.269
650,556.306840689733,-673.366827696275,941.866,-1140.057
650,555.094162564552,-668.516115195548,939.813,-1131.844
650,553.88148443937,-663.665402694821,937.760,-1123.632
650,552.668806314188,-658.814690194095,935.707,-1115.419
650,551.456128189007,-653.963977693368,933.653,-1107.206
650,550.243450063825,-649.113265192641,931.600,-1098.994
650,549.030771938643,-644.262552691915,929.547,-1090.781
650,547.818093813462,-639.411840191188,927.494,-1082.569
650,546.60541568828,-634.561127690461,925.441,-1074.356
650,545.392737563098,-629.710415189735,923.388,-1066.143
650,544.180059437917,-624.859702689008,921.335,-1057.931
650,542.967381312735,-620.008990188281,919.281,-1049.718
650,541.178882021262,-615.353136521343,916.253,-1041.836
650,539.196701939764,-610.762824753662,912.897,-1034.064
650,537.214521858265,-606.172512985981,909.541,-1026.292
650,535.232341776766,-601.5822012183,906.185,-1018.520
650,533.250161695268,-596.991889450619,902.829,-1010.749
650,531.267981613769,-592.401577682938,899.474,-1002.977
650,529.285801532271,-587.811265915257,896.118,-995.205
650,527.303621450772,-583.220954147576,892.762,-987.433
650,525.321441369273,-578.630642379895,889.406,-979.662
650,523.339261287775,-574.040330612214,886.050,-971.890
650,521.357081206276,-569.450018844533,882.694,-964.118
650,519.374901124778,-564.859707076852,879.338,-956.347
650,517.392721043279,-560.269395309171,875.982,-948.575
650,515.41054096178,-555.67908354149,872.626,-940.803
650,513.428360880282,-551.088771773809,869.270,-933.031
650,511.446180798783,-546.498460006128,865.914,-925.260
650,509.464000717285,-541.908148238447,862.558,-917.488
650,507.481820635786,-537.317836470766,859.202,-909.716
650,505.499640554288,-532.727524703085,855.846,-901.945
650,503.517460472789,-528.137212935404,852.490,-894.173
650,501.53528039129,-523.546901167724,849.134,-886.401
650,499.404264199926,-519.02687033614,845.526,-878.748
650,497.118919867414,-514.579713797198,841.657,-871.219
650,494.833575534902,-510.132557258256,837.788,-863.690
650,492.54823120239,-505.685400719314,833.918,-856.160
650,490.262886869878,-501.238244180371,830.049,-848.631
650,487.977542537366,-496.791087641429,826.180,-841.102
650,485.692198204854,-492.343931102487,822.311,-833.572
650,483.406853872342,-487.896774563545,818.441,-826.043
650,481.12150953983,-483.449618024603,814.572,-818.514
650,478.836165207318,-479.002461485661,810.703,-810.984
650,476.550820874807,-474.555304946719,806.834,-803.455
650,474.265476542295,-470.108148407777,802.964,-795.926
650,471.980132209783,-465.660991868834,799.095,-788.396
650,469.694787877271,-461.213835329892,795.226,-780.867
650,467.409443544759,-456.76667879095,791.357,-773.338
650,465.124099212247,-452.319522252008,787.487,-765.808
650,462.838754879735,-447.872365713066,783.618,-758.279
650,460.553410547223,-443.425209174124,779.749,-750.750
650,458.268066214711,-438.978052635182,775.880,-743.220
650,455.982721882199,-434.53089609624,772.010,-735.691
650,453.697377549687,-430.083739557298,768.141,-728.162
650,451.412033217175,-425.636583018355,764.272,-720.632
650,449.126688884664,-421.189426479413,760.403,-713.103
650,446.841344552152,-416.742269940471,756.533,-705.574
650,444.55600021964,-412.295113401529,752.664,-698.044
650,442.270655887128,-407.847956862587,748.795,-690.515
650,439.985311554616,-403.400800323645,744.926,-682.986
650,437.699967222104,-398.953643784703,741.056,-675.456
650,435.414622889592,-394.506487245761,737.187,-667.927
650,433.12927855708,-390.059330706818,733.318,-660.397
650,430.843934224568,-385.612174167876,729.449,-652.868
650,428.558589892056,-381.165017628934,725.579,-645.339
650,426.273245559544,-376.717861089992,721.710,-637.809
650,423.987901227032,-372.27070455105,717.841,-630.280
650,421.70255689452,-367.823548012108,713.972,-622.751
650,419.417212562009,-363.376391473166,710.102,-615.221
650,416.430850339455,-359.432195298249,705.046,-608.544
650,412.950121159086,-355.842693330994,699.153,-602.466
650,409.469391978717,-352.253191363739,693.260,-596.389
650,405.988662798348,-348.663689396483,687.367,-590.312
650,402.50793361798,-345.074187429228,681.474,-584.235
650,399.027204437611,-341.484685461973,675.581,-578.157
650,395.546475257242,-337.895183494718,669.688,-572.080
650,392.065746076873,-334.305681527462,663.794,-566.003
650,388.585016896505,-330.716179560207,657.901,-559.925
650,385.104287716136,-327.126677592952,652.008,-553.848
650,381.623558535767,-323.537175625696,646.115,-547.771
650,378.142829355398,-319.947673658441,640.222,-541.694
650,374.66210017503,-316.358171691186,634.329,-535.616
650,371.181370994661,-312.768669723931,628.436,-529.539
650,367.700641814292,-309.179167756675,622.543,-523.462
650,364.219912633923,-305.58966578942,616.650,-517.384
650,360.739183453555,-302.000163822165,610.756,-511.307
650,357.258454273186,-298.41066185491,604.863,-505.230
650,353.777725092817,-294.821159887654,598.970,-499.153
650,350.296995912448,-291.231657920399,593.077,-493.075
650,346.76114009989,-287.700106950861,587.091,-487.096
650,343.002344535533,-284.402917859321,580.727,-481.514
650,339.243548971177,-281.10572876778,574.363,-475.931
650,335.484753406821,-277.808539676239,567.999,-470.349
650,331.725957842464,-274.511350584699,561.635,-464.767
650,327.967162278108,-271.214161493158,555.271,-459.184
650,324.208366713752,-267.916972401617,548.907,-453.602
650,320.449571149395,-264.619783310077,542.543,-448.020
650,316.690775585039,-261.322594218536,536.179,-442.437
650,312.931980020682,-258.025405126995,529.816,-436.855
650,309.173184456326,-254.728216035455,523.452,-431.273
650,305.41438889197,-251.431026943914,517.088,-425.690
650,301.655593327613,-248.133837852373,510.724,-420.108
650,297.896797763257,-244.836648760833,504.360,-414.525
650,294.138002198901,-241.539459669292,497.996,-408.943
650,290.379206634544,-238.242270577751,491.632,-403.361
650,286.620411070188,-234.945081486211,485.268,-397.778
650,282.861615505831,-231.64789239467,478.904,-392.196
650,279.102819941475,-228.350703303129,472.540,-386.614
650,275.344024377119,-225.053514211588,466.177,-381.031
650,271.585228812762,-221.756325120048,459.813,-375.449
650,267.826433248406,-218.459136028507,453.449,-369.866
650,264.06763768405,-215.161946936966,447.085,-364.284
650,260.308842119693,-211.864757845426,440.721,-358.702
650,256.550046555337,-208.567568753885,434.357,-353.119
650,252.79125099098,-205.270379662344,427.993,-347.537
650,249.032455426624,-201.973190570804,421.629,-341.955
650,245.273659862268,-198.676001479263,415.265,-336.372
650,241.514864297911,-195.378812387722,408.901,-330.790
650,237.756068733555,-192.081623296182,402.538,-325.208
650,233.997273169199,-188.784434204641,396.174,-319.625
650,230.238477604842,-185.4872451131,389.810,-314.043
650,226.479682040486,-182.19005602156,383.446,-308.460
650,222.720886476129,-178.892866930019,377.082,-302.878
650,218.497270503769,-176.325208320068,369.931,-298.531
650,213.920695341655,-174.311515248738,362.183,-295.121
650,209.344120179541,-172.297822177408,354.434,-291.712
650,204.767545017427,-170.284129106078,346.686,-288.303
650,200.190969855313,-168.270436034748,338.937,-284.894
650,195.6143946932,-166.256742963417,331.189,-281.484
650,191.037819531086,-164.243049892087,323.440,-278.075
650,186.461244368972,-162.229356820757,315.692,-274.666
650,181.884669206858,-160.215663749427,307.943,-271.256
650,177.308094044744,-158.201970678097,300.195,-267.847
650,172.73151888263,-156.188277606767,292.446,-264.438
650,168.154943720517,-154.174584535437,284.698,-261.028
650,163.397361543029,-152.849378139192,276.643,-258.785
650,158.422175591979,-152.351859544087,268.220,-257.942
650,153.446989640929,-151.854340948982,259.796,-257.100
650,148.471803689879,-151.356822353877,251.373,-256.258
650,143.496617738829,-150.859303758772,242.950,-255.415
650,138.521431787779,-150.361785163667,234.526,-254.573
650,133.546245836729,-149.864266568562,226.103,-253.731
650,128.571059885679,-149.366747973457,217.680,-252.888
650,123.595873934629,-148.869229378352,209.256,-252.046
